,correlation,mse,frac,label
b11_frac_0.1_000,0.31307819323859304,0.2139335081275946,0.1,True-True
b11_frac_0.1_001,0.612340481649259,0.14029511461603497,0.1,True-True
b11_frac_0.1_002,0.6511396846375676,0.12376332131700706,0.1,False-True
b11_frac_0.1_003,0.2806393873451604,0.23028426684377476,0.1,False-False
b11_frac_0.1_004,0.7072331885263513,0.10661492812101743,0.1,True-True
b11_frac_0.1_005,0.42910763583301575,0.19285676582026035,0.1,False-False
b11_frac_0.1_006,0.5195233232968465,0.1688163628544253,0.1,False-False
b11_frac_0.1_007,0.6206994940169785,0.13489819540826714,0.1,True-True
b11_frac_0.1_008,0.5041103318041937,0.17064749025271467,0.1,True-True
b11_frac_0.1_009,0.5660052820598758,0.16175789569198218,0.1,True-True
b11_frac_0.1_010,0.6856726850703709,0.10895268805056949,0.1,True-False
b11_frac_0.1_011,0.007610292259157446,0.9319062566086964,0.1,False-False
b11_frac_0.1_012,0.42649753635643806,0.19983494241907326,0.1,True-True
b11_frac_0.1_013,0.304116997953156,0.22322806625133645,0.1,False-False
b11_frac_0.1_014,0.684321926583577,0.1181022921284176,0.1,True-True
b11_frac_0.1_015,0.4873245142928531,0.1750119354771332,0.1,True-True
b11_frac_0.1_016,0.6338553386518458,0.1336182075661197,0.1,False-True
b11_frac_0.1_017,0.33554788315727235,0.21132184469552634,0.1,False-False
b11_frac_0.1_018,0.4319752923662062,0.18647466153701964,0.1,False-True
b11_frac_0.1_019,0.6232122081694764,0.13585066110645924,0.1,True-True
b11_frac_0.1_020,0.44518088712293036,0.1841792559353516,0.1,False-True
b11_frac_0.1_021,0.20630109979233424,0.30494413225912265,0.1,False-False
b11_frac_0.1_022,0.6251268178729568,0.13736735891719884,0.1,True-True
b11_frac_0.1_023,0.622319212416171,0.13817861943190257,0.1,False-True
b11_frac_0.1_024,0.46632732606184735,0.17537522296320834,0.1,True-True
b11_frac_0.1_025,0.5081925491545072,0.16690175154247375,0.1,True-True
b11_frac_0.1_026,0.6146475185941639,0.14019111542716087,0.1,False-True
b11_frac_0.1_027,0.7536236098343618,0.0950336171652267,0.1,True-True
b11_frac_0.1_028,0.7248446042059298,0.10391447055599114,0.1,True-True
b11_frac_0.1_029,0.6453439605051067,0.13077475161569327,0.1,True-True
b11_frac_0.1_030,0.6871446763184118,0.11275566147968258,0.1,True-True
b11_frac_0.1_031,0.5936567300830321,0.14621948295091747,0.1,True-True
b11_frac_0.1_032,0.5421512317281456,0.15431855297135166,0.1,False-False
b11_frac_0.1_033,0.6233435332577462,0.13839444285160826,0.1,True-True
b11_frac_0.1_034,0.6603558742148261,0.1265091189799375,0.1,False-True
b11_frac_0.1_035,0.5987419026343523,0.14129222821173712,0.1,True-True
b11_frac_0.1_036,0.6402178974674891,0.12645582601519362,0.1,False-True
b11_frac_0.1_037,0.6127019048507752,0.13671097491335316,0.1,True-True
b11_frac_0.1_038,0.4329664049342573,0.189822956038914,0.1,False-False
b11_frac_0.1_039,0.6782745652350898,0.11381389634592692,0.1,True-True
b11_frac_0.1_040,0.6511950117456308,0.12461908786544085,0.1,True-False
b11_frac_0.1_041,0.6157429127124279,0.14044785622554903,0.1,False-True
b11_frac_0.1_042,0.4245026813871541,0.18814907344748913,0.1,True-True
b11_frac_0.1_043,0.48636460994980907,0.17387783378311727,0.1,True-True
b11_frac_0.1_044,0.7228581446325585,0.10497663403028827,0.1,True-True
b11_frac_0.1_045,0.6318275408992623,0.14283313597529554,0.1,True-True
b11_frac_0.1_046,0.07493376301260711,0.40169834557715683,0.1,False-False
b11_frac_0.1_047,0.6386527875768976,0.1234525919991107,0.1,True-True
b11_frac_0.1_048,0.18699984126646815,0.2894205858668515,0.1,False-False
b11_frac_0.1_049,0.5923272288149171,0.15162626670115983,0.1,True-True
b11_frac_0.2_000,0.591550807191666,0.16224881896820736,0.2,False-True
b11_frac_0.2_001,0.8399311995663572,0.06834357039321931,0.2,True-True
b11_frac_0.2_002,0.7677681514389729,0.08811779942007512,0.2,True-True
b11_frac_0.2_003,0.7070945711506134,0.10816420313983235,0.2,False-True
b11_frac_0.2_004,0.7203562866030971,0.10166899412015012,0.2,False-True
b11_frac_0.2_005,0.5567753320892229,0.15117234704526442,0.2,False-False
b11_frac_0.2_006,0.3403562818954924,0.2049515104068624,0.2,False-False
b11_frac_0.2_007,0.6257157797193028,0.14100385236897617,0.2,False-True
b11_frac_0.2_008,0.5389450934899537,0.16179226225899423,0.2,False-True
b11_frac_0.2_009,0.8399650764786545,0.06636913542359853,0.2,True-True
b11_frac_0.2_011,0.11835039060644895,0.5279598325046674,0.2,False-False
b11_frac_0.2_012,0.7661716287877917,0.09255950075046249,0.2,True-True
b11_frac_0.2_013,0.8901960904576419,0.051349611995386235,0.2,True-True
b11_frac_0.2_014,0.20222322220083636,0.4133307709381413,0.2,False-False
b11_frac_0.2_015,0.7099030838882985,0.10956299415824437,0.2,True-True
b11_frac_0.2_016,0.8761356053940955,0.05212842007191836,0.2,True-True
b11_frac_0.2_017,0.5927709113591856,0.14559828629629454,0.2,False-False
b11_frac_0.2_018,0.6021194379313397,0.15319133294195914,0.2,False-True
b11_frac_0.2_019,0.86643828526101,0.05588128015426645,0.2,True-True
b11_frac_0.2_020,0.7160457164613485,0.10745911045391787,0.2,True-True
b11_frac_0.2_021,0.6959939370788307,0.11109598882443802,0.2,True-True
b11_frac_0.2_022,0.6986734288953043,0.11532132409661196,0.2,True-True
b11_frac_0.2_023,0.7277897807135483,0.10556384408431554,0.2,True-True
b11_frac_0.2_024,0.3761943641542187,0.21571758591781637,0.2,False-False
b11_frac_0.2_025,0.7295566821829181,0.10606415309512345,0.2,True-True
b11_frac_0.2_026,0.7821281320193123,0.08765081937547137,0.2,True-True
b11_frac_0.2_027,0.8266959185514787,0.07167057431077038,0.2,True-True
b11_frac_0.2_028,0.8919944346714133,0.04423974588951681,0.2,True-True
b11_frac_0.2_029,0.8389466922458547,0.06607590915827677,0.2,True-True
b11_frac_0.2_030,0.7961036180748651,0.07716696690138934,0.2,True-True
b11_frac_0.2_031,0.6067932162730828,0.1498934220984313,0.2,False-True
b11_frac_0.2_032,0.5811844534847669,0.16772041547561137,0.2,False-False
b11_frac_0.2_033,0.7696312952986109,0.09056093407221544,0.2,True-True
b11_frac_0.2_034,0.718371180901381,0.1051578492163664,0.2,False-False
b11_frac_0.2_035,0.7128167012554648,0.11504610243992823,0.2,True-True
b11_frac_0.2_036,0.8481815779186975,0.06953661808312807,0.2,True-True
b11_frac_0.2_037,0.8217073369871378,0.06735944939997551,0.2,True-True
b11_frac_0.2_038,0.6995856995068701,0.11396183824767528,0.2,False-False
b11_frac_0.2_039,0.8688881439214107,0.047470708091380556,0.2,True-True
b11_frac_0.2_040,0.7151523767207457,0.10735044826402135,0.2,True-False
b11_frac_0.2_041,0.7945679239461291,0.08660337912044949,0.2,False-True
b11_frac_0.2_042,0.730223857725682,0.10320026115480088,0.2,True-True
b11_frac_0.2_043,0.7268863246490262,0.10253668117306877,0.2,False-True
b11_frac_0.2_044,0.822069275452377,0.0742895779888398,0.2,True-True
b11_frac_0.2_045,0.8133888224553103,0.07901871654543711,0.2,True-True
b11_frac_0.2_046,0.22207632753355067,0.26563758848042013,0.2,False-False
b11_frac_0.2_047,0.8153321846871469,0.07252868149897335,0.2,False-True
b11_frac_0.2_048,0.15188628088221526,0.294127861128293,0.2,False-False
b11_frac_0.2_049,0.15269086244980004,0.2514127159310385,0.2,False-False
b11_frac_0.3_000,0.7620805995219381,0.09695329525407786,0.3,True-True
b11_frac_0.3_001,0.8151860593541426,0.07951198070439441,0.3,True-True
b11_frac_0.3_002,0.85762171036293,0.05322039511159565,0.3,True-True
b11_frac_0.3_003,0.6957292264949053,0.11391663086690804,0.3,True-True
b11_frac_0.3_004,0.578263575639813,0.1449840933415504,0.3,False-False
b11_frac_0.3_005,0.8599940976008821,0.053625760666589944,0.3,True-True
b11_frac_0.3_006,0.8282937793327732,0.07460968598783317,0.3,True-True
b11_frac_0.3_007,0.8423584606894121,0.06366374268389013,0.3,True-True
b11_frac_0.3_008,0.11922265753060021,0.40026718499994896,0.3,False-False
b11_frac_0.3_009,0.7722777864682338,0.09414660900681202,0.3,True-True
b11_frac_0.3_010,0.7528035746660431,0.0913695875001234,0.3,False-False
b11_frac_0.3_011,0.1534421416298706,0.35575323907583306,0.3,False-False
b11_frac_0.3_012,0.7868926821056335,0.08384103376836757,0.3,True-True
b11_frac_0.3_013,0.8869967501954974,0.04884414578027315,0.3,True-True
b11_frac_0.3_014,0.22595221177110078,0.42483714491758934,0.3,False-False
b11_frac_0.3_015,0.8908627356536526,0.04811986529956548,0.3,True-True
b11_frac_0.3_016,0.8868298153245375,0.0505000039805585,0.3,True-True
b11_frac_0.3_017,0.7527683050212071,0.1279222699218153,0.3,True-True
b11_frac_0.3_018,0.8587165581682064,0.05328928088526952,0.3,True-True
b11_frac_0.3_019,0.8210166884951733,0.07673947279189938,0.3,False-True
b11_frac_0.3_020,0.6767575541479414,0.12232175325177096,0.3,True-False
b11_frac_0.3_021,0.794940636908679,0.08197507773941362,0.3,True-True
b11_frac_0.3_022,0.7913116087035821,0.0820781359147225,0.3,True-True
b11_frac_0.3_023,0.9044537622761677,0.04214363433763292,0.3,True-True
b11_frac_0.3_024,0.6919729502473764,0.12186612662684075,0.3,False-True
b11_frac_0.3_025,0.9103044006247576,0.0379189404785043,0.3,True-True
b11_frac_0.3_026,0.8421973942889324,0.06992090823284901,0.3,False-True
b11_frac_0.3_027,0.6535587950469369,0.14436169999140075,0.3,False-True
b11_frac_0.3_028,0.8504690873027941,0.058203407155485165,0.3,True-True
b11_frac_0.3_029,0.9149943718519232,0.03591291784281918,0.3,True-True
b11_frac_0.3_030,0.08219329633772768,0.5194677122533682,0.3,False-False
b11_frac_0.3_031,0.703597260018401,0.11472420024898614,0.3,True-True
b11_frac_0.3_032,0.8509142950209622,0.0604511082984672,0.3,False-True
b11_frac_0.3_033,0.7427336802394278,0.10496354400218717,0.3,False-False
b11_frac_0.3_034,0.8923101973172737,0.04437139848529265,0.3,True-True
b11_frac_0.3_035,0.6874796572733263,0.14985454807636311,0.3,True-True
b11_frac_0.3_036,0.8322516918150878,0.07038375441486269,0.3,True-True
b11_frac_0.3_037,0.7618164081768207,0.084224478359564,0.3,True-False
b11_frac_0.3_038,0.8132122733577137,0.0791761835352674,0.3,True-True
b11_frac_0.3_039,0.8829355222069095,0.04273007666773074,0.3,True-True
b11_frac_0.3_040,0.7762752703239747,0.08494756912827918,0.3,False-True
b11_frac_0.3_041,0.7724730271094503,0.09040360689015399,0.3,True-False
b11_frac_0.3_042,0.022258798713313207,0.28538619314927566,0.3,False-False
b11_frac_0.3_043,0.39380676036947726,0.19161332651030402,0.3,False-False
b11_frac_0.3_044,0.8736503760203372,0.05639865922443917,0.3,True-True
b11_frac_0.3_045,0.893482676288999,0.04764887588465987,0.3,True-True
b11_frac_0.3_046,0.08188088287280242,0.37614560872697134,0.3,False-False
b11_frac_0.3_047,0.6032483226581661,0.14040851617105826,0.3,False-False
b11_frac_0.3_048,0.3608303111606444,0.21995664013873192,0.3,True-False
b11_frac_0.3_049,0.9005196946546983,0.04221550000134143,0.3,True-True
b11_frac_0.4_002,0.816966077007406,0.06835922892723932,0.4,False-True
b11_frac_0.4_003,0.4641764973856619,0.17654056614583769,0.4,False-False
b11_frac_0.4_004,0.6546395668177701,0.12703983409394626,0.4,True-False
b11_frac_0.4_005,0.8360387110621387,0.06378371711985682,0.4,True-True
b11_frac_0.4_006,0.8173260538561603,0.07541697542798469,0.4,False-True
b11_frac_0.4_007,0.8824239563965637,0.0470393232856125,0.4,True-True
b11_frac_0.4_008,0.5055646406914647,0.19370707655951022,0.4,False-False
b11_frac_0.4_009,0.9161665001152277,0.038454833298718495,0.4,True-True
b11_frac_0.4_010,0.9214532275330828,0.030181130240016008,0.4,True-True
b11_frac_0.4_011,0.1902967900635104,0.2824139441414565,0.4,False-False
b11_frac_0.4_012,0.9241198263438603,0.0340103620860784,0.4,True-True
b11_frac_0.4_013,0.9142531600387174,0.03796543553026107,0.4,True-True
b11_frac_0.4_014,0.04841627491467984,0.39500720499224673,0.4,False-False
b11_frac_0.4_015,0.9131175884366964,0.032948080192149405,0.4,True-True
b11_frac_0.4_016,0.9189254363720365,0.036825512802632486,0.4,True-True
b11_frac_0.4_017,0.8369043717972906,0.07141232844332239,0.4,False-True
b11_frac_0.4_018,0.8142029451034244,0.06926303939885484,0.4,False-False
b11_frac_0.4_019,0.906975168565286,0.040405017828084554,0.4,True-True
b11_frac_0.4_020,0.9032085379229696,0.04049230604023706,0.4,True-True
b11_frac_0.4_021,0.8754623179951029,0.05424113438079602,0.4,True-True
b11_frac_0.4_022,0.8375263413685147,0.06804428139415494,0.4,True-True
b11_frac_0.4_023,0.9093130908698003,0.04023178316768656,0.4,True-True
b11_frac_0.4_024,0.8819173200726369,0.06402424993360896,0.4,True-True
b11_frac_0.4_025,0.9005466933653428,0.04471171457697586,0.4,True-True
b11_frac_0.4_026,0.9203459727122616,0.033379498180622955,0.4,True-True
b11_frac_0.4_027,0.9116807382458223,0.039911266838595846,0.4,True-True
b11_frac_0.4_028,0.8931107067662855,0.04350249211453152,0.4,True-True
b11_frac_0.4_029,0.9142380558556916,0.03723689553929699,0.4,True-True
b11_frac_0.4_030,0.10505792398768408,0.3015788708537297,0.4,False-False
b11_frac_0.4_031,0.6651920441546144,0.12678956996312093,0.4,True-True
b11_frac_0.4_032,0.8634932042797033,0.05210981160796688,0.4,False-True
b11_frac_0.4_033,0.7069738919532584,0.11525009041884653,0.4,False-False
b11_frac_0.4_034,0.7651221945765573,0.14036764292497828,0.4,False-True
b11_frac_0.4_035,0.896866324994637,0.04808697379053033,0.4,True-True
b11_frac_0.4_036,0.8726273933220035,0.051426453364976935,0.4,True-True
b11_frac_0.4_037,0.9044871934424992,0.03706124940433597,0.4,True-True
b11_frac_0.4_038,0.8639263016156298,0.06308108703144412,0.4,True-True
b11_frac_0.4_039,0.8929913713797681,0.04020227760667077,0.4,True-True
b11_frac_0.4_040,0.8327292430502878,0.05918254817634186,0.4,False-True
b11_frac_0.4_041,0.055059665337298704,0.45333346699676846,0.4,False-False
b11_frac_0.4_042,0.8855430142894041,0.04955784898045515,0.4,True-True
b11_frac_0.4_043,0.8760521347846655,0.0475752381999269,0.4,True-True
b11_frac_0.4_044,0.9125260435899006,0.039611882089375335,0.4,True-True
b11_frac_0.4_045,0.9175415608521839,0.03355952339699,0.4,True-True
b11_frac_0.4_046,0.3427093778564397,0.21146284688861652,0.4,False-False
b11_frac_0.4_047,0.8970738094281978,0.04059568477440224,0.4,True-True
b11_frac_0.4_048,0.27070837680243165,0.24190501665667044,0.4,True-False
b11_frac_0.4_049,0.8055816231695959,0.07088146294407835,0.4,False-True
b11_frac_0.5_000,0.9226792187303288,0.03419233807932115,0.5,True-True
b11_frac_0.5_001,0.9003738174686443,0.04695834120231161,0.5,True-True
b11_frac_0.5_002,0.814909863979606,0.07190847643302649,0.5,True-True
b11_frac_0.5_003,0.3828359369960769,0.2077428550647071,0.5,True-False
b11_frac_0.5_004,0.8287987078910529,0.07509039158667985,0.5,False-True
b11_frac_0.5_005,0.8412681693284174,0.057876826954182045,0.5,True-True
b11_frac_0.5_006,0.8739806895824577,0.05348798567815928,0.5,True-True
b11_frac_0.5_007,0.9163083801586341,0.03659286633410204,0.5,False-True
b11_frac_0.5_008,0.7499488330501679,0.10175226049549829,0.5,False-False
b11_frac_0.5_009,0.8668406405750697,0.062477274125712357,0.5,False-True
b11_frac_0.5_010,0.9022110051610212,0.03751759022590768,0.5,True-True
b11_frac_0.5_011,0.3917833176561358,0.2313235001181481,0.5,False-False
b11_frac_0.5_012,0.9313629291726719,0.03064591739831941,0.5,True-True
b11_frac_0.5_013,0.9249790737244161,0.032815683364982653,0.5,True-True
b11_frac_0.5_014,0.22457602856559003,0.21462962177001293,0.5,False-False
b11_frac_0.5_015,0.8917685385124563,0.0400903072451269,0.5,False-True
b11_frac_0.5_016,0.8602059258761693,0.0672984755910164,0.5,True-True
b11_frac_0.5_017,0.8865359115346019,0.05060177154243483,0.5,False-True
b11_frac_0.5_018,0.9180768109413711,0.03309167224458027,0.5,True-True
b11_frac_0.5_019,0.6883777267851323,0.12532438690766826,0.5,False-False
b11_frac_0.5_020,0.8863493203330897,0.047512668763908805,0.5,True-True
b11_frac_0.5_021,0.8797037659177989,0.04875998477484046,0.5,False-True
b11_frac_0.5_022,0.89845286282646,0.04156775587731984,0.5,True-True
b11_frac_0.5_023,0.9098831140404315,0.0411764302410484,0.5,True-True
b11_frac_0.5_024,0.8891943479291223,0.0501371687598433,0.5,True-True
b11_frac_0.5_025,0.9201556413758347,0.03662445268557234,0.5,True-True
b11_frac_0.5_026,0.8677102557121221,0.054973693700017624,0.5,True-True
b11_frac_0.5_027,0.9310916948805166,0.030660270193936818,0.5,True-True
b11_frac_0.5_028,0.9071272991974854,0.03547923712892224,0.5,True-True
b11_frac_0.5_029,0.8828553379576802,0.046493595893423494,0.5,True-True
b11_frac_0.5_030,0.27936272230053155,0.24368553708794077,0.5,False-False
b11_frac_0.5_031,0.5678848192654592,0.16275217406961903,0.5,False-False
b11_frac_0.5_032,0.8717203601980424,0.0507553620387846,0.5,True-True
b11_frac_0.5_033,0.8864894472559115,0.05077145059456297,0.5,False-True
b11_frac_0.5_034,0.9016913907705182,0.04455164511287432,0.5,True-True
b11_frac_0.5_035,0.9013375730949452,0.03993071487127243,0.5,True-True
b11_frac_0.5_036,0.907975567446059,0.040481131732429336,0.5,True-True
b11_frac_0.5_037,0.9207847736339146,0.03162244122606454,0.5,True-True
b11_frac_0.5_038,0.8655864067393209,0.06453097748875901,0.5,True-True
b11_frac_0.5_039,0.927528054736125,0.026251905009077914,0.5,True-True
b11_frac_0.5_040,0.7753570282786199,0.08631537648425254,0.5,False-False
b11_frac_0.5_041,0.75399889297405,0.09871823378156158,0.5,False-False
b11_frac_0.5_042,0.2380570489543005,0.22122204180577792,0.5,False-False
b11_frac_0.5_043,0.5377737679313913,0.15306830303852395,0.5,False-False
b11_frac_0.5_044,0.3056919184551739,0.22946550465097207,0.5,False-False
b11_frac_0.5_045,0.8846634949638806,0.053585664558989526,0.5,True-True
b11_frac_0.5_046,0.6922342417504195,0.1115856028305636,0.5,False-False
b11_frac_0.5_047,0.9051351591518323,0.03734747158404724,0.5,True-True
b11_frac_0.5_048,0.6090044645784949,0.1463413950626181,0.5,False-False
b11_frac_0.5_049,0.8699340783918811,0.047659295375205885,0.5,True-True
b11_frac_0.6_000,0.9188498957460197,0.03619963848742857,0.6,True-True
b11_frac_0.6_001,0.902140273656111,0.04724105880659177,0.6,False-True
b11_frac_0.6_002,0.709715998574925,0.105142589480101,0.6,False-False
b11_frac_0.6_003,0.6017655820597221,0.1400198017846784,0.6,False-False
b11_frac_0.6_004,0.8207488405496933,0.06765377143174861,0.6,True-True
b11_frac_0.6_005,0.9024063824408665,0.03415168460032312,0.6,True-True
b11_frac_0.6_006,0.7829267676065643,0.08427139907848613,0.6,False-False
b11_frac_0.6_007,0.9200249433657303,0.03753531797078979,0.6,False-True
b11_frac_0.6_008,0.38440283885309867,0.20560714422086038,0.6,False-False
b11_frac_0.6_009,0.9469718771658591,0.02597270031176758,0.6,True-True
b11_frac_0.6_010,0.9073434142857355,0.03470644258587086,0.6,False-True
b11_frac_0.6_011,0.2880121043385518,0.2606381933094499,0.6,False-False
b11_frac_0.6_012,0.8792345824387457,0.05399762867297613,0.6,False-True
b11_frac_0.6_013,0.8990695551037048,0.04046911575434646,0.6,True-True
b11_frac_0.6_014,0.36913220381863565,0.5203650921023725,0.6,False-False
b11_frac_0.6_015,0.8659242919668856,0.05281622050161475,0.6,True-True
b11_frac_0.6_016,0.9100429217426649,0.0445853007081312,0.6,True-True
b11_frac_0.6_017,0.8807009106738843,0.055227186428216286,0.6,True-True
b11_frac_0.6_018,0.9048257418621297,0.03545244002369893,0.6,True-True
b11_frac_0.6_019,0.7905356879355271,0.09758284332395835,0.6,False-False
b11_frac_0.6_020,0.8778086248495056,0.050498533639906265,0.6,True-True
b11_frac_0.6_021,0.9157929994195442,0.031124260138040826,0.6,True-True
b11_frac_0.6_022,0.9055053847810071,0.040546775025413734,0.6,True-True
b11_frac_0.6_023,0.9254356272168448,0.03571955146469213,0.6,True-True
b11_frac_0.6_024,0.8755403277864471,0.05538805120011535,0.6,True-True
b11_frac_0.6_025,0.9308463411150153,0.03092287208414794,0.6,True-True
b11_frac_0.6_026,0.9192759855248385,0.03299408022211224,0.6,True-True
b11_frac_0.6_027,0.8322835923854276,0.06427002253291549,0.6,False-True
b11_frac_0.6_028,0.9090212056968398,0.039704958497812526,0.6,True-True
b11_frac_0.6_029,0.9307396964593091,0.0247499816451707,0.6,True-True
b11_frac_0.6_030,0.1820705730536037,0.39789897195059104,0.6,False-False
b11_frac_0.6_031,0.9009231597752351,0.04538897297093886,0.6,False-True
b11_frac_0.6_032,0.8800523991543698,0.04170024288282205,0.6,True-True
b11_frac_0.6_033,0.8797659102067906,0.051915395071712486,0.6,True-True
b11_frac_0.6_034,0.8909096474172638,0.0468822806774878,0.6,True-True
b11_frac_0.6_035,0.8890563226614712,0.04529590203924426,0.6,False-True
b11_frac_0.6_036,0.9326391084381959,0.03260028911392101,0.6,True-True
b11_frac_0.6_037,0.9142763056660306,0.03621721609375287,0.6,True-True
b11_frac_0.6_038,0.9072378537720162,0.0467714668081222,0.6,True-True
b11_frac_0.6_039,0.9306665703903911,0.02464358729296796,0.6,True-True
b11_frac_0.6_040,0.8526451145267334,0.05840909560914661,0.6,False-False
b11_frac_0.6_041,0.8926018568269424,0.0493608446056638,0.6,True-True
b11_frac_0.6_042,0.1202825678745143,0.8075168856043708,0.6,False-False
b11_frac_0.6_043,0.9273902780171421,0.02914847755095352,0.6,True-True
b11_frac_0.6_044,0.3488638120062044,0.2203838690795883,0.6,False-False
b11_frac_0.6_045,0.8905484913173383,0.04600847409144077,0.6,True-True
b11_frac_0.6_046,0.6043351698691009,0.16169670177784273,0.6,False-False
b11_frac_0.6_047,0.8963637329075508,0.04629567161678112,0.6,True-True
b11_frac_0.6_048,0.6349410717564139,0.13471096357960582,0.6,False-False
b11_frac_0.6_049,0.8595491032431795,0.05438586736112981,0.6,True-True
b11_frac_0.7_000,0.9324998498666343,0.028827518148431763,0.7,True-True
b11_frac_0.7_001,0.8613210683937607,0.0837213051081903,0.7,True-True
b11_frac_0.7_002,0.864197019281313,0.053616922919665876,0.7,False-True
b11_frac_0.7_003,0.718152704051307,0.09279167496268782,0.7,False-False
b11_frac_0.7_004,0.9119957332036581,0.0371738379448544,0.7,True-True
b11_frac_0.7_005,0.8592311749345428,0.050712384695644944,0.7,False-True
b11_frac_0.7_006,0.925724785006153,0.03172772790417537,0.7,True-True
b11_frac_0.7_007,0.9126263859696319,0.042526586444202576,0.7,True-True
b11_frac_0.7_008,0.23672845020138508,0.2765903929295532,0.7,True-False
b11_frac_0.7_009,0.8682825782314694,0.06288954984530368,0.7,True-True
b11_frac_0.7_010,0.8445647196461735,0.0577856054905308,0.7,False-True
b11_frac_0.7_011,0.17358561681500762,0.3877268225220131,0.7,False-False
b11_frac_0.7_012,0.9028480193704866,0.04274017122530562,0.7,False-True
b11_frac_0.7_013,0.9104029004511406,0.038416410654286165,0.7,True-True
b11_frac_0.7_014,0.09239043389699657,0.5651556018298406,0.7,False-False
b11_frac_0.7_015,0.8992370608843995,0.039833315229441564,0.7,True-True
b11_frac_0.7_016,0.931324791672778,0.03630695658329783,0.7,True-True
b11_frac_0.7_017,0.8905371521751622,0.050917120177360074,0.7,False-True
b11_frac_0.7_018,0.9305181255952053,0.027083787761589595,0.7,False-True
b11_frac_0.7_019,0.6824134187051107,0.13142858108048258,0.7,False-False
b11_frac_0.7_020,0.4570555812034679,0.1832738434756283,0.7,False-False
b11_frac_0.7_021,0.9215986177307977,0.026852164770623504,0.7,True-True
b11_frac_0.7_022,0.9150313109572545,0.037208972347855473,0.7,True-True
b11_frac_0.7_023,0.9191005777283355,0.0339101420318974,0.7,True-True
b11_frac_0.7_024,0.921037824300769,0.036366265799588404,0.7,True-True
b11_frac_0.7_025,0.9326548966759636,0.026399943665087282,0.7,True-True
b11_frac_0.7_026,0.923407675480975,0.03563326979118405,0.7,False-True
b11_frac_0.7_027,0.9176731558340182,0.03629941260858603,0.7,True-True
b11_frac_0.7_028,0.8026117993150994,0.07158070930896816,0.7,False-False
b11_frac_0.7_029,0.9407121423090405,0.020264950030960356,0.7,False-True
b11_frac_0.7_030,0.38082791743467437,0.25772373277262356,0.7,False-False
b11_frac_0.7_031,0.9178231121261979,0.03759213184332149,0.7,True-True
b11_frac_0.7_032,0.8834384839892153,0.04459099014568116,0.7,True-True
b11_frac_0.7_033,0.908092856514079,0.04252420276326081,0.7,False-True
b11_frac_0.7_034,0.9281994553767999,0.030821742337563192,0.7,True-True
b11_frac_0.7_035,0.9389054847820215,0.03148055162745884,0.7,True-True
b11_frac_0.7_036,0.9142943598310066,0.039632786222734084,0.7,True-True
b11_frac_0.7_037,0.9108075703926976,0.039030049173425015,0.7,True-True
b11_frac_0.7_038,0.929908590333441,0.03510261147766731,0.7,True-True
b11_frac_0.7_039,0.9350839884021918,0.027213536268919293,0.7,False-True
b11_frac_0.7_040,0.829145078167872,0.06561068144786321,0.7,False-False
b11_frac_0.7_041,0.9226307854099244,0.03000309030343232,0.7,False-True
b11_frac_0.7_042,0.5666363016273598,0.17139247332229496,0.7,False-False
b11_frac_0.7_043,0.9346149363587378,0.02510735839722026,0.7,True-True
b11_frac_0.7_044,0.5696674793102816,0.1673951213478644,0.7,False-False
b11_frac_0.7_045,0.9351080171009033,0.03200185488183068,0.7,True-True
b11_frac_0.7_046,0.7280793757540018,0.10450677640927175,0.7,False-False
b11_frac_0.7_047,0.9175905261555454,0.03341725350533852,0.7,True-True
b11_frac_0.7_048,0.8464613323069214,0.06185269477089287,0.7,False-True
b11_frac_0.7_049,0.8802520252878525,0.04869452358599782,0.7,True-True
b11_frac_0.8_000,0.9023447518323641,0.039847150356854204,0.8,True-True
b11_frac_0.8_001,0.9192964239749056,0.0436797796593444,0.8,True-True
b11_frac_0.8_002,0.8772361428159675,0.0453967232963626,0.8,True-True
b11_frac_0.8_003,0.6025112325572963,0.12055171987966899,0.8,False-False
b11_frac_0.8_004,0.8798279759324599,0.04445450966554944,0.8,True-True
b11_frac_0.8_005,0.8921647139300076,0.0423882313742665,0.8,False-True
b11_frac_0.8_006,0.6930251180936243,0.13169192085581244,0.8,False-False
b11_frac_0.8_007,0.90757348323516,0.04611003091197249,0.8,True-True
b11_frac_0.8_008,0.4439042520124986,0.19463369635825417,0.8,False-False
b11_frac_0.8_009,0.9499561767371046,0.02619247183242255,0.8,True-True
b11_frac_0.8_010,0.8619719855270048,0.0528322613278744,0.8,False-True
b11_frac_0.8_011,0.29430586733133773,0.28217171808736174,0.8,True-False
b11_frac_0.8_012,0.9205282102651965,0.037879998999624825,0.8,True-True
b11_frac_0.8_013,0.8993937403578425,0.05065810771167001,0.8,True-True
b11_frac_0.8_014,0.5598940805305961,0.14733834143429772,0.8,False-False
b11_frac_0.8_015,0.9400050697363606,0.025554365819898065,0.8,True-True
b11_frac_0.8_016,0.9423876414272115,0.03521085036166407,0.8,True-True
b11_frac_0.8_017,0.8538613227762556,0.07644095070732222,0.8,False-True
b11_frac_0.8_018,0.8820962123327165,0.04894558972752611,0.8,False-True
b11_frac_0.8_019,0.8393574775701388,0.07124542194757556,0.8,True-True
b11_frac_0.8_020,0.9365270026150809,0.02934398755278034,0.8,True-True
b11_frac_0.8_021,0.9316733036938193,0.023999176758746105,0.8,False-True
b11_frac_0.8_022,0.9173837717930297,0.03429034572614335,0.8,False-True
b11_frac_0.8_023,0.9334369341267406,0.02549706862646671,0.8,True-True
b11_frac_0.8_024,0.9015431584514036,0.04335561378935437,0.8,True-True
b11_frac_0.8_025,0.9366891355228392,0.027532585689735375,0.8,True-True
b11_frac_0.8_026,0.8932421128177401,0.05365347372772279,0.8,True-True
b11_frac_0.8_027,0.9349896059958486,0.027107907196931597,0.8,True-True
b11_frac_0.8_028,0.9566467983989592,0.018261759758450256,0.8,True-True
b11_frac_0.8_029,0.9305105596259888,0.02673442904243359,0.8,False-True
b11_frac_0.8_030,0.2681007865920264,0.3139888837123177,0.8,False-False
b11_frac_0.8_031,0.9129333039507408,0.04980689436537896,0.8,True-True
b11_frac_0.8_032,0.89108975085829,0.04335454559273654,0.8,False-True
b11_frac_0.8_033,0.9306936926286338,0.03552385820812599,0.8,True-True
b11_frac_0.8_034,0.9191641841803614,0.042052682486384725,0.8,False-True
b11_frac_0.8_035,0.9292067221667898,0.03761790322945441,0.8,True-True
b11_frac_0.8_036,0.9014233304236333,0.05604733863232861,0.8,False-True
b11_frac_0.8_037,0.9365000042704881,0.02699763722021839,0.8,True-True
b11_frac_0.8_038,0.9291058998751784,0.03474340707229292,0.8,True-True
b11_frac_0.8_039,0.8945730431861514,0.04308762347113213,0.8,True-True
b11_frac_0.8_040,0.8230999379545747,0.06798581632632048,0.8,False-False
b11_frac_0.8_041,0.9385230686748304,0.02386252702014136,0.8,True-True
b11_frac_0.8_042,0.6891276263814401,0.08868886864429076,0.8,False-False
b11_frac_0.8_043,0.9245897319876275,0.033010545457274706,0.8,True-True
b11_frac_0.8_044,0.3718556404463621,0.19461345498863972,0.8,False-False
b11_frac_0.8_045,0.9094760860096633,0.03727450947770518,0.8,True-True
b11_frac_0.8_046,0.7591176746922188,0.09825319444534436,0.8,False-False
b11_frac_0.8_047,0.8955123373183106,0.04042729426098242,0.8,True-True
b11_frac_0.8_048,0.8678138561305043,0.04607747187425425,0.8,True-True
b11_frac_0.8_049,0.9009840041777558,0.040310438506229104,0.8,True-True
b11_frac_0.9_000,0.8955092383315885,0.056327477475338714,0.9,False-True
b11_frac_0.9_001,0.8950148599924489,0.046747144608770795,0.9,True-True
b11_frac_0.9_002,0.8796882063871025,0.052492535378880247,0.9,True-True
b11_frac_0.9_003,0.7503780116175184,0.09719499699620866,0.9,False-False
b11_frac_0.9_004,0.9052905004879909,0.02938509191514959,0.9,False-True
b11_frac_0.9_005,0.16505237036537732,0.49880536199921505,0.9,False-False
b11_frac_0.9_006,0.9093842691573226,0.043281326320474774,0.9,False-True
b11_frac_0.9_007,0.9127411727862893,0.04148558553350587,0.9,False-True
b11_frac_0.9_008,0.9342566384549712,0.032688418277189504,0.9,True-True
b11_frac_0.9_009,0.9618507161642084,0.027875067190205893,0.9,True-True
b11_frac_0.9_010,0.909266828396036,0.04930257817522409,0.9,False-True
b11_frac_0.9_011,0.6264710281654919,0.14617438729094376,0.9,False-False
b11_frac_0.9_012,0.8945763294569277,0.030710225531646373,0.9,True-True
b11_frac_0.9_013,0.9401332147074728,0.028973689946464366,0.9,True-True
b11_frac_0.9_014,0.6162215242649841,0.15485668696679886,0.9,False-False
b11_frac_0.9_015,0.8982662431554685,0.02450742156542849,0.9,True-True
b11_frac_0.9_016,0.9372919468882143,0.04269729270340801,0.9,True-True
b11_frac_0.9_017,0.9481404031579573,0.028875484727541305,0.9,True-True
b11_frac_0.9_018,0.9430104776426627,0.020789200746926834,0.9,True-True
b11_frac_0.9_019,0.8680085979033695,0.06888708007795916,0.9,True-True
b11_frac_0.9_020,0.9315586467976794,0.03363119318597337,0.9,True-True
b11_frac_0.9_021,0.9430947637112577,0.021655538487592194,0.9,False-True
b11_frac_0.9_022,0.9181219780859236,0.03750583147188287,0.9,False-True
b11_frac_0.9_023,0.9367717635697769,0.02086943503152536,0.9,True-True
b11_frac_0.9_024,0.9399862125586593,0.02801264984995358,0.9,False-True
b11_frac_0.9_025,0.9328151874438835,0.03208766329114316,0.9,True-True
b11_frac_0.9_026,0.9028469697205971,0.05695950870094826,0.9,True-True
b11_frac_0.9_027,0.9106274530558852,0.031087093795926075,0.9,True-True
b11_frac_0.9_028,0.915157902081689,0.030797133496580083,0.9,False-True
b11_frac_0.9_029,0.9556991721153043,0.020965972289406616,0.9,True-True
b11_frac_0.9_030,0.530928386617309,0.20624996807056475,0.9,False-False
b11_frac_0.9_031,0.8956137562458524,0.04493062717817701,0.9,True-True
b11_frac_0.9_032,0.8862608446252328,0.04948579908959434,0.9,True-True
b11_frac_0.9_033,0.9182507136925829,0.03768132959844385,0.9,False-True
b11_frac_0.9_034,0.9106520795617823,0.03936377254191214,0.9,True-True
b11_frac_0.9_035,0.9496708305952873,0.029516367467042174,0.9,True-True
b11_frac_0.9_036,0.9235514970794787,0.03490806792107124,0.9,False-True
b11_frac_0.9_037,0.922424507642075,0.027194359532408497,0.9,True-True
b11_frac_0.9_038,0.9062194955608606,0.046980415679105283,0.9,False-True
b11_frac_0.9_039,0.8860524098480302,0.04122994915967219,0.9,False-True
b11_frac_0.9_040,0.8851784854751041,0.028281626274253874,0.9,False-True
b11_frac_0.9_041,0.9177922736982839,0.042391990986078126,0.9,True-True
b11_frac_0.9_043,0.9379861975882796,0.026342944430794366,0.9,True-True
b11_frac_0.9_044,0.49842368244967716,0.20246030789153385,0.9,False-False
b11_frac_0.9_045,0.9319520320690388,0.027182880844775846,0.9,True-True
b11_frac_0.9_046,0.8199079627531249,0.0762172878675998,0.9,False-True
b11_frac_0.9_047,0.898250847242641,0.05099869510737788,0.9,True-True
b11_frac_0.9_048,0.8316638324014247,0.04141678721649962,0.9,False-False
b11_frac_0.9_049,0.8896439813029781,0.0458751785147372,0.9,False-True
