,noise,dxdt,test_mse,correlation
0,0.0,1.4584665249966344e-07,0.045148857417026136,0.897938772520885
1,0.0,0.00014752304234168752,0.05626169769744962,0.8397572547183434
2,0.0,9.680682321276947e-05,0.03824638231521217,0.90238390513502
3,0.0,1.6188007761630487e-06,0.03843788028661449,0.8956331257598386
4,0.0,3.586218664398997e-07,0.05424838384205913,0.8333486902713053
5,0.0,1.0724087294499257e-07,0.024189936577743605,0.9169503556841117
6,0.0,4.828777674485168e-05,0.04929969608765486,0.8231726050072562
7,0.0,1.415092343498051e-07,0.03667479002563022,0.9101140041895124
8,0.0,6.365661092773181e-08,0.05311265768614684,0.872231146892493
9,0.0,6.11287201599531e-08,0.025982072458171065,0.9319189844858982
10,0.0,0.00024373445212628436,0.1249851461005415,0.6901059150146442
11,0.0,3.111923289665894e-05,0.06882939234723406,0.8335005035454595
12,0.0,6.252165969350887e-05,0.07268702689111772,0.8229971964196015
13,0.0,5.522636761615061e-05,0.06499929695372937,0.843363820450121
14,0.0,3.1103479262607363e-06,0.037089643880390655,0.8969693353247136
15,0.0,3.3878789413860403e-06,0.09759339315788956,0.787276195782631
16,0.0,8.554794222256624e-05,0.03267713145070924,0.9102782311239527
17,0.0,1.4866467355824209e-07,0.022359838415328768,0.9374321499628457
18,0.0,6.048820928079622e-06,0.07977824462380004,0.788736936949407
19,0.0,2.490456656324649e-08,0.16385701732017866,0.4554341985127489
20,0.0,6.918306042478854e-05,0.1054712642897426,0.7211790891383831
21,0.0,9.194889100090353e-08,0.0308398788097064,0.9138005149914044
22,0.0,1.078828015931947e-06,0.04294117293843525,0.8862900073484266
23,0.0,2.1439368111395813e-05,0.02821950652688599,0.9385775909958107
24,0.0,7.298330051597897e-07,0.05134302895109462,0.8614513801653261
25,0.0,8.623480643191945e-08,0.03208652132714226,0.9319083272737626
26,0.0,3.734116760376229e-05,0.04020022556629782,0.9050639671446764
27,0.0,5.172654080136407e-07,0.020972086360969533,0.9370739941024772
28,0.0,7.231906274183629e-07,0.028140757549904142,0.9306050236091242
29,0.0,4.0781074022301816e-06,0.05442880735989212,0.8537852461671708
30,0.0,6.284002108824379e-07,0.054269329538321136,0.8557707944553744
31,0.0,9.752855124803032e-08,0.021581637337337128,0.9341515738156703
32,0.0,7.180076445801926e-05,0.07588509460233762,0.7468649185424661
33,0.0,8.735466086764872e-07,0.04092113116233376,0.899859173930073
34,0.0,2.670433558875623e-07,0.06224793279132586,0.850926860091544
35,0.0,6.0585199832229745e-06,0.04857864448722217,0.8655117168432804
36,0.0,3.82781486108128e-06,0.05396299912425282,0.8478801264231304
37,0.0,1.1378473708729456e-06,0.040807571170817104,0.9099570364562926
38,0.0,2.895092227454477e-06,0.052852772195658426,0.8382714992782405
39,0.0,5.361605793444863e-07,0.0426223364060927,0.8921811327837857
40,0.0,2.2681186038053e-06,0.03867739004451591,0.8814200294612773
41,0.0,1.0368209075765857e-05,0.026428874226458895,0.9331813573831245
42,0.0,1.7686547651689163e-07,0.07633884837672908,0.8024284075850143
43,0.0,2.566379886330099e-07,0.0345763902647986,0.910888811345547
44,0.0,4.4611439124512716e-07,0.03579315678114661,0.900366374836972
45,0.0,1.7052507545333903e-07,0.06082379831062359,0.8832992723144423
46,0.0,6.678072673997105e-07,0.053290777940156464,0.864066885337494
47,0.0,1.8230433943990618e-06,0.03904109105945719,0.9049447946568724
48,0.0,7.526000568545721e-06,0.06331967087326325,0.8257319430719835
49,0.0,2.401620588032308e-07,0.05090925052535067,0.8507785730677851
50,0.0,0.00029836520799080517,0.046455193679219325,0.8609829260851022
51,0.0,9.921834981734263e-05,0.07656103892356575,0.7714032643878335
52,0.0,0.5707206265903727,0.29493792004857805,0.16248600423738344
53,0.0,8.668902558955714e-08,0.04083123693599587,0.9080504688737313
54,0.0,0.00023993437377761807,0.08116150698697308,0.7529802422755937
55,0.0,2.3306581415082427e-06,0.05898380255440131,0.8264311445224435
56,0.0,5.846547666224593e-06,0.03871593108685382,0.9071741572043125
57,0.0,4.329822680184602e-05,0.060878780924450204,0.8067473163080265
58,0.0,4.565190089184605e-06,0.04633612057741052,0.8678156409422917
59,0.0,2.645637310630043e-07,0.025299724661373875,0.9248480144407641
60,0.0,3.695294670048178e-08,0.11769925968959673,0.6360409440740589
61,0.0,8.742931297979434e-08,0.02981477094137302,0.9282309668282773
62,0.0,4.682405686961091e-07,0.02700980281225518,0.9338863615046342
63,0.0,1.7668248551092954e-05,0.043030934121872234,0.9003197951300395
64,0.0,9.857473643957695e-05,0.08096890046511288,0.714072042619713
65,0.0,3.5509446041458856e-05,0.09248951748783572,0.7464977357138247
66,0.0,1.3244873765329806e-07,0.02566147971105865,0.9291584900337654
67,0.0,8.006346290364587e-08,0.03757899719422406,0.8942808719232413
68,0.0,7.727838519070504e-08,0.04936492603052643,0.8958680923874959
69,0.0,1.8905150918713672e-07,0.043936477000161185,0.8796133297140986
70,0.0,2.0119473193276615e-07,0.11607316516262615,0.6946316274092251
71,0.0,7.8299154783072e-08,0.026945169133786574,0.9176035591835275
72,0.0,9.219852458802816e-06,0.05622302393478388,0.8604602670419881
73,0.0,5.572281503301008e-08,0.03909915495901155,0.8841514899180837
74,0.0,2.0316375066058715e-07,0.05054309491526056,0.8741127983510972
75,0.0,1.830707181427731e-05,0.028235385735125174,0.9153670971341605
76,0.0,8.403933150529437e-08,0.04416532340274347,0.8667190189760157
77,0.0,9.831413926361624e-06,0.06235597643713478,0.8325441452756037
78,0.0,1.8524481043902108e-07,0.034147831415980635,0.9058787737429888
79,0.0,9.92598081937899e-06,0.041555808699237355,0.8633157733323448
80,0.0,4.283885229097663e-07,0.02821353753333834,0.9227186358137631
81,0.0,4.849043820293234e-05,0.03555317492331718,0.892445802672027
82,0.0,3.297964762748253e-05,0.03824811032093477,0.8997625997321438
83,0.0,0.00018225279573056238,0.05001951983744253,0.8521249176422933
84,0.0,3.654705271831599e-07,0.025377600546871017,0.9294516067120264
85,0.0,3.899330565965329e-07,0.04921836579635331,0.887236428144896
86,0.0,1.9344039758961517e-05,0.04260790362236211,0.8686099298757025
87,0.0,1.1724428323527577e-05,0.04649897691360785,0.8421735852524204
88,0.0,3.1046315310923463e-07,0.033444619986978175,0.8941065457450447
89,0.0,3.356129056889657e-08,0.11329904595673809,0.6159617298055853
90,0.0,,,
91,0.0,1.7455853332135016e-06,0.06553226956910689,0.8287720868549951
92,0.0,3.2160976874102576e-05,0.07302229391557387,0.7817153163352011
93,0.0,4.192415100056069e-06,0.0709870870912674,0.8283027977453505
94,0.0,1.9806326729968897e-07,0.046946036669047994,0.823370744012376
95,0.0,5.0164512007553355e-05,0.0569059474256111,0.8235396720173986
96,0.0,1.0287680508759396e-05,0.04373274596128964,0.9038342411072955
97,0.0,2.3680749657975267e-05,0.042427713260698365,0.9009993019195784
98,0.0,2.1197632763914013e-07,0.0542914822269235,0.8636038230081662
99,0.0,7.003911234667212e-05,0.0649846522393281,0.810601603866437
100,0.0,7.324616878308062e-06,0.028710509556566417,0.904050119759872
101,0.0,8.242642925111489e-08,0.02309998665355349,0.9454037823917796
102,0.0,2.4090542386472964e-06,0.05002470310510005,0.8371837368966374
103,0.0,7.180855575908081e-08,0.05869237730665004,0.8396245213825437
104,0.0,2.7380410073777416e-06,0.08262844648930273,0.7689099500979045
105,0.0,2.3978498569296996e-07,0.038197866997023516,0.9001109713235118
106,0.0,1.4294598702446972e-07,0.040217359225101224,0.8730144398679152
107,0.0,1.2342153788603732e-05,0.05665130921358099,0.8507603468008501
108,0.0,2.9309183949438607e-07,0.02198914054348312,0.9477731653156987
109,0.0,3.8345760126408063e-07,0.018404907514808076,0.9530103086277121
110,0.0,,,
111,0.0,1.991226636622133e-05,0.03678386812381171,0.9242965966164255
112,0.0,5.525346376740315e-05,0.06809753099198806,0.8235311780887046
113,0.0,4.6180240211857364e-08,0.12896469781393788,0.509206267197368
114,0.0,8.554413713657714e-06,0.04002674387313033,0.8661379801126868
115,0.0,3.6170803393908286e-07,0.027505058248587778,0.9276785019241663
116,0.0,8.595644430174818e-07,0.03264877789768272,0.9096624372416021
117,0.0,2.8911061932154776e-05,0.04728638826832258,0.8771717195776526
118,0.0,1.6322529927159876e-06,0.049900794713647334,0.8533375495819906
119,0.0,9.757356330752306e-06,0.023573410435578555,0.9370568376274331
120,0.0,1.4790177398594862e-07,0.05233250458420905,0.8785493885079979
121,0.0,4.7932515383038975e-05,0.10311112702784346,0.6978449039249576
122,0.0,7.365046868415921e-08,0.026300880948189467,0.9286351724064249
123,0.0,1.215272214770382e-05,0.05046400041642596,0.8821237945906966
124,0.0,,,
125,0.0,3.8599442764849197e-07,0.023791738426249952,0.9180778321949062
126,0.0,1.0961290404126016e-05,0.06725535619360723,0.8202218493423357
127,0.0,7.435623216722429e-05,0.04663982938903843,0.8854311181565572
128,0.0,1.5362446051988314e-06,0.05572993703753547,0.8552870393642423
129,0.0,1.9121720715200195e-06,0.03521724659185121,0.9090427544187686
130,0.0,2.720164912609701e-05,0.03604142113795282,0.8935851160481579
131,0.0,7.352471236351627e-08,0.03170778250139065,0.9080547492991822
132,0.0,2.778829982660019e-06,0.024071950404720325,0.9322988684638307
133,0.0,2.382835479301016e-06,0.024694303228883597,0.9323241102187511
134,0.0,2.1442627799489572e-07,0.022304054878423706,0.9477329592159449
135,0.0,1.567614868758368e-07,0.04178203635344199,0.8879471733683314
136,0.0,1.0982948171207135e-06,0.048664280690002226,0.855521518693397
137,0.0,6.033331214800766e-07,0.03988532464434301,0.8908986070441339
138,0.0,1.624409367737198e-06,0.04858921751392862,0.8648669805507173
139,0.0,2.179650175309072e-05,0.05535816976234693,0.8443911682927716
140,0.0,0.0002516069021697823,0.04138501224134724,0.9114646494218263
141,0.0,2.4986192918157295e-06,0.020731654492762222,0.9397134688242125
142,0.0,1.4989500999471453e-07,0.0350253389477183,0.9127793877228794
143,0.0,3.4337155102383237e-06,0.051880213208354516,0.8661863213452354
144,0.0,3.374829407784904e-05,0.06627673622176132,0.7537274141550656
145,0.0,2.176058301192307e-07,0.04235397539642282,0.8878245151520876
146,0.0,4.819131682511081e-06,0.10968066493532154,0.7424303536394611
147,0.0,1.41651228979451e-05,0.03483098383523494,0.9246552135497214
148,0.0,1.8646253179757234e-08,0.13050375669898964,0.512380489909638
149,0.0,2.3501283523999627e-06,0.06124625261478392,0.8563678647415948
150,0.0,3.609649268604327e-07,0.0350741619419481,0.9140744263600218
151,0.0,8.315505023130247e-07,0.05078013492741449,0.9009397681944474
152,0.0,5.3499531958568596e-06,0.06698211842263815,0.8233898745006376
153,0.0,1.3195641774301142e-05,0.04939201524836817,0.8603390579158291
154,0.0,6.968559757072765e-08,0.047949493397030606,0.8880474598040252
155,0.0,1.6976583737812145e-05,0.047492189860562306,0.8979544267587924
156,0.05,0.00019985541294930607,0.05035018384324368,0.8488966953582505
157,0.05,9.386860247115733e-05,0.09686691167442579,0.7333334703246955
158,0.05,1.9053779404961406e-07,0.03102591854582985,0.9117871576972575
159,0.05,1.814645147234721e-07,0.0829785996881503,0.7737943893521906
160,0.05,5.314878630631713e-07,0.045759563079245655,0.8632741703183423
161,0.05,1.392535531240383e-05,0.04501547206935455,0.8815867394119167
162,0.05,6.962428124648988e-07,0.025257695835376872,0.9315990768054576
163,0.05,1.383217525763666e-06,0.04063521527804469,0.8943761493447825
164,0.05,5.171964933324352e-08,0.13961027442826254,0.6124630916768775
165,0.05,6.579944504214865e-05,0.06567750773218384,0.810067879671346
166,0.05,3.7240890741662553e-07,0.03541644000061879,0.91156891815893
167,0.05,1.0573495721396995e-05,0.03520494735920262,0.9108164892455382
168,0.05,1.0291240004768989e-05,0.0552008269020534,0.8539355102389622
169,0.05,8.800046223143657e-06,0.0302112304444045,0.9108316843746912
170,0.05,2.718953172792804e-05,0.061650780682304104,0.8424973109513463
171,0.05,1.132980538067186e-06,0.02672700023753028,0.9287389902835692
172,0.05,2.6474743645475185e-06,0.049562587582121606,0.8584551635097859
173,0.05,6.419742519548245e-07,0.022146020598139082,0.9417803402120167
174,0.05,6.5958400009728875e-06,0.05752105262576529,0.814943086658165
175,0.05,4.937076560726365e-08,0.09855834078931701,0.6907044969274921
176,0.05,3.931436463145944e-06,0.044451803493693605,0.8901208180069001
177,0.05,2.945949919043401e-06,0.10460836825240018,0.7634675492234061
178,0.05,1.5681954645006113e-07,0.05178942457667614,0.8530747046009243
179,0.05,8.028599913319416e-08,0.033587483759540994,0.9195536156775289
180,0.05,6.440616241157614e-06,0.05065975526300805,0.8579407429936743
181,0.05,0.000465166195698123,0.06764552168969007,0.8410547925784114
182,0.05,5.981036478438902e-07,0.03778478948906346,0.9023982792992394
183,0.05,0.00015316873162294137,0.08710369096013737,0.7503979491596235
184,0.05,3.527877912377773e-06,0.027768373468891393,0.9212782846431427
185,0.05,8.580061027844125e-08,0.05529282492357423,0.892553625397552
186,0.05,3.655230160147928e-05,0.05985315137062748,0.8135284366958473
187,0.05,7.113812896382585e-08,0.06825768208787537,0.8218288192798887
188,0.05,1.3780808972318796e-07,0.05390590038722845,0.8690029440964044
189,0.05,8.07828419037981e-07,0.037570869146293935,0.8937783934800377
190,0.05,7.667612490713899e-07,0.04039163734182097,0.9011070333160552
191,0.05,4.18218663251722e-05,0.10495350646870878,0.7172304312259856
192,0.05,5.822577205049331e-06,0.13704616931394908,0.6608867076661633
193,0.05,2.917280298442306e-07,0.036609715278748,0.9064105109785436
194,0.05,4.286244896955855e-07,0.033045876145632896,0.903569606527486
195,0.05,4.952142779518217e-07,0.0389089152554727,0.8904292465335047
196,0.05,8.793402567338325e-08,0.03550329848012039,0.9164083847790736
197,0.05,8.127254130793686e-06,0.08032991330302322,0.7962653511024834
198,0.05,9.951824165415119e-05,0.09670402337880211,0.7809217820647019
199,0.05,9.126764861765928e-08,0.05419105419368965,0.8578743112832907
200,0.05,7.558460851448147e-08,0.025810599579153513,0.9382583098007286
201,0.05,2.774269140192657e-06,0.04505544305385051,0.9007739190133922
202,0.05,1.5042412812208967e-07,0.05783491573017175,0.8421961542492888
203,0.05,4.654612979938146e-05,0.035356153004944324,0.8988983756890444
204,0.05,1.8064053081836554e-07,0.036888470492897445,0.8933477262268265
205,0.05,6.791765053027774e-07,0.05253976235507088,0.874019177221339
206,0.05,1.257260046986477e-05,0.07518510426483392,0.7636774147512981
207,0.05,3.877080009793295e-07,0.038796706661910735,0.889767888945059
208,0.05,6.854708897990722e-08,0.05288363839164948,0.8663501150029362
209,0.05,8.886997381297348e-06,0.025178362048820544,0.9309721699571262
210,0.05,8.103422050778769e-08,0.06881096193181604,0.833020405025423
211,0.05,1.4068869007300589e-07,0.0542629858882089,0.8383600133098161
212,0.05,1.222985027240023e-06,0.04121914705503908,0.8904555422992767
213,0.05,6.296689364019621e-06,0.04585487818786502,0.86995166492201
214,0.05,1.1491858976378212e-05,0.07302055784443909,0.8402222407340763
215,0.05,6.308956253498429e-07,0.037838768340067205,0.906914372135885
216,0.05,3.3681234251510532e-06,0.04201163312930709,0.9001646279648677
217,0.05,1.564490429829824e-05,0.0770939479680796,0.8057366842590502
218,0.05,2.7391461253732837e-06,0.0726542582171778,0.7983006702815509
219,0.05,0.00029718806272051383,0.05559916560603544,0.8490913876778117
220,0.05,4.957331377229224e-08,0.08013050452275335,0.7170993600995652
221,0.05,4.1841393222851003e-07,0.03442755361729668,0.9219967397976055
222,0.05,6.33030618017137e-07,0.048424243092979935,0.85478761072435
223,0.05,7.932149746939956e-06,0.05773772964378053,0.8146517087389875
224,0.05,1.0484748659474033e-05,0.054047087645481134,0.8380537127079449
225,0.05,7.18494541142704e-05,0.07513704279341848,0.8147823924241596
226,0.05,0.0001285380094759925,0.0473567304487348,0.8582492563798845
227,0.05,5.222486487084989e-06,0.07469076498714983,0.7837129941815238
228,0.05,6.916060074253417e-08,0.07976903927772862,0.8044968944381787
229,0.05,2.5342311404724363e-05,0.03917842734279022,0.8977379527654473
230,0.05,3.293302070986294e-05,0.04569999168687229,0.857411392880013
231,0.05,8.034045325053301e-06,0.03006783750588661,0.9148850890713698
232,0.05,2.8899100045716573e-07,0.041370868580337894,0.8860653268772501
233,0.05,8.83678975021821e-06,0.025004018525972806,0.9194506162014492
234,0.05,3.3476103015298987e-07,0.05917352463906586,0.817756792371067
235,0.05,1.0351292898837828e-05,0.033853129827392296,0.8867783608314908
236,0.05,1.0160683311565861e-05,0.10034813498971917,0.666564971889791
237,0.05,1.062793945266104e-06,0.0527756356870497,0.8727312747855046
238,0.05,8.968430659446124e-05,0.05974767219555269,0.8433930544861233
239,0.05,1.5582824116417057e-05,0.03140172019535599,0.8998781213253374
240,0.05,5.2895744184371306e-05,0.04135653486779449,0.8894649497845685
241,0.05,2.136769070246632e-05,0.050074647450788705,0.8682123534111811
242,0.05,3.964699973527998e-05,0.06416270200405459,0.8273086934269853
243,0.05,2.0886567242187642e-07,0.03367109033479149,0.9182280684537243
244,0.05,6.265037357634324e-08,0.030555488333209663,0.9090162585472402
245,0.05,2.1144756752227313e-06,0.02638541298772011,0.9312847132550677
246,0.05,1.6390906185080534e-07,0.0374327980288331,0.887730622815822
247,0.05,1.186932703336658e-06,0.03537601633263944,0.9086597850977151
248,0.05,1.3189647719924166e-05,0.07535401922877427,0.804952614913096
249,0.05,9.738266743432063e-08,0.03832128908061659,0.9083209966111336
250,0.05,0.26822423375476656,0.26969164152325015,0.23470180388625883
251,0.05,1.5231520036004588e-05,0.04302697109586127,0.8803448750021947
252,0.05,3.734219521391837e-07,0.04257634100053403,0.890337369660626
253,0.05,9.559515396859262e-05,0.050013905973640506,0.8483903772210414
254,0.05,1.8120489836239234e-07,0.03721946397510289,0.8888148431303029
255,0.05,6.217880919506849e-06,0.02861096586774182,0.9331215198749897
256,0.05,7.413875801070758e-08,0.03433515395784735,0.9153311380784666
257,0.05,4.120234716933394e-07,0.044350884839893696,0.8955159924376838
258,0.05,7.042226238199761e-07,0.0584024708960742,0.85947111039916
259,0.05,4.5498029795177255e-05,0.05541824914217144,0.8206378364118054
260,0.05,1.274746367748518e-06,0.0847119148875291,0.7688185738717783
261,0.05,2.682728308440138e-05,0.04670970469784705,0.8482343797139458
262,0.05,,,
263,0.05,1.4674491623481822e-05,0.05526658290794686,0.8179132920766552
264,0.05,8.144013539963912e-08,0.04368000614968863,0.8847017336034007
265,0.05,,,
266,0.05,2.907186595143306e-07,0.054399947745361985,0.8283318099535012
267,0.05,9.029227296437338e-07,0.052631368677574744,0.8706424988211505
268,0.05,2.3246541495243375e-08,0.16679157689787932,0.4651837059467858
269,0.05,1.2702496770173257e-07,0.03981867823862712,0.8953767791281237
270,0.05,8.971015372017044e-08,0.04137013808226773,0.8516322873748279
271,0.05,2.7194187043867576e-07,0.025297175803506454,0.9277315313363684
272,0.05,2.5465074151569526e-05,0.09728151932077538,0.7449851681099798
273,0.05,6.632877283694059e-07,0.025568680723293456,0.9420720212058538
274,0.05,3.4366004966991043e-07,0.07902289319742348,0.837504195815693
275,0.05,0.00020769622501634412,0.057583519286914395,0.8343922870581036
276,0.05,1.6104815127156352e-05,0.040341201461580024,0.872895432887255
277,0.05,1.0307415962178053e-06,0.10616515203065059,0.7316213598275069
278,0.05,4.169747378272624e-06,0.0922905689311913,0.7454732427489345
279,0.05,5.262880490975974e-06,0.03248735530888292,0.8971722002245378
280,0.05,7.74487271617981e-06,0.036910920263090966,0.884439367485396
281,0.05,2.087471266116584e-06,0.03835859263177607,0.8994431600010786
282,0.05,,,
283,0.05,6.245048969424663e-07,0.047212144752491,0.8479139340762724
284,0.05,0.00021498550258808698,0.07560420222189593,0.7737908066659687
285,0.05,2.2255711877267764e-06,0.03255508000370905,0.9115397876439865
286,0.05,1.2588853089098345e-06,0.09936523019678474,0.7546699074280449
287,0.05,4.698587736761041e-06,0.08048480241092197,0.7840665556253329
288,0.05,1.4287489609464847e-05,0.03166682831593695,0.90969762854803
289,0.05,1.0387608345779626e-07,0.0330811359500688,0.9152551071199194
290,0.05,3.713572197631957e-05,0.04600423515326821,0.890952444685349
291,0.05,3.898994495362497e-05,0.08656292735488144,0.7117039143021051
292,0.05,1.0298684103255149e-05,0.05236869266167147,0.8475475497704665
293,0.05,1.105611762551272e-05,0.044459177193859986,0.8856646407167668
294,0.05,5.027195777266107e-05,0.08537580373145497,0.7596318209408928
295,0.05,1.43522326608246e-07,0.05525278807801503,0.8410027861958642
296,0.05,1.1229899605000032e-06,0.1124076753133358,0.7430929653657422
297,0.05,4.7358185653517964e-06,0.03999052978992956,0.8364201679053619
298,0.05,9.459075347777191e-07,0.043472226096913216,0.8494892169210558
299,0.05,1.0157599252802377e-05,0.03437954175464397,0.9197757734466231
300,0.05,3.209550873207401e-06,0.045846958364020855,0.8433102933290132
301,0.05,7.924638569873582e-08,0.11594121169034305,0.7070944255487805
302,0.05,0.00010921537832364614,0.05550286582225091,0.8318634129135574
303,0.05,6.177890620638385e-05,0.0631533817591309,0.8113937755333582
304,0.05,9.061372595708913e-07,0.04472373900326656,0.8811158402631868
305,0.05,1.2283638216887077e-07,0.05210459650969721,0.8778692543833378
306,0.05,1.273401611468871e-05,0.0940236422351212,0.7527030052405496
307,0.05,1.1281758922976984e-05,0.0424605591447418,0.8796240569364133
308,0.05,2.5268770032935054e-07,0.05398753116629877,0.875508854205186
309,0.05,6.37760599068455e-06,0.09877619898172879,0.6825225211817655
310,0.05,7.854048190412233e-08,0.0410322063544611,0.8835868990625247
311,0.05,7.948342007324809e-06,0.08110639392812334,0.7576583486837414
312,0.05,2.3817250878661078e-06,0.051693853034776034,0.842405338254227
313,0.05,1.2304791210778455e-07,0.044620340880038745,0.9058690144201595
314,0.05,4.128094632024708e-07,0.10341623237077303,0.6848939391113673
315,0.05,2.9057743753276157e-05,0.050799469630671015,0.8658270401075171
316,0.05,9.404019947899428e-05,0.2008932759681788,0.33321572009627504
317,0.05,1.8538296420415815e-05,0.032162535000629114,0.9063671310908599
318,0.1,8.616522868039663e-08,0.06965435217638652,0.7905178181267285
319,0.1,6.244004236952852e-06,0.05061313883517947,0.8608272522828021
320,0.1,1.5890023415407364e-06,0.09036139218035973,0.7444891988653063
321,0.1,0.00020925330931906777,0.07109318694631296,0.7773215974894535
322,0.1,3.06090290744193e-07,0.04639501769187285,0.8769562625042698
323,0.1,4.338832502453201e-06,0.034053083030723914,0.9072371000720696
324,0.1,1.238739437454641e-06,0.037569835875033236,0.9025089545734979
325,0.1,9.324229335301637e-05,0.0956033695397194,0.7617003289666289
326,0.1,2.8582529576963057e-05,0.07689982317415578,0.776370356224505
327,0.1,3.331741798145901e-05,0.0705676352249556,0.8331356837311468
328,0.1,9.128724286446399e-06,0.048049454651699394,0.8755223196223311
329,0.1,5.212367868642872e-07,0.03752699880660775,0.9020686189928588
330,0.1,,,
331,0.1,4.8035598583790006e-06,0.029475065467793462,0.9128542805793463
332,0.1,1.1778216753745351e-07,0.037354025552859625,0.9068881278638958
333,0.1,5.430888673029287e-06,0.030436648936136616,0.9164098571507309
334,0.1,7.062597358411394e-08,0.03855803788474461,0.8925105093265272
335,0.1,1.6340491770218406e-07,0.02919203047277907,0.9225605559899286
336,0.1,1.891780391988501e-06,0.05941276771795573,0.8080082135263117
337,0.1,4.6478393405402857e-05,0.05511529405312459,0.836171860710674
338,0.1,4.726911275700629e-06,0.06603456192278737,0.8338541793390557
339,0.1,6.618938169787434e-07,0.04434087376718561,0.9026273833388361
340,0.1,2.390813898091752e-07,0.047451520760935215,0.8616833604220122
341,0.1,9.348014086214792e-08,0.04781709548943999,0.8840403061619478
342,0.1,1.0510013410707528e-05,0.04719603559109174,0.8685491322999197
343,0.1,5.496169315068124e-06,0.09477463437782378,0.7699711462405292
344,0.1,2.0800603354783335e-06,0.033030692789005674,0.9132393041791775
345,0.1,1.9743330886375647e-06,0.044508573638549584,0.8790492900678143
346,0.1,4.9682392545785875e-06,0.029946589725646094,0.9147886586607441
347,0.1,0.00010335852467226151,0.040552050106147486,0.9005936071997643
348,0.1,7.119487591302077e-05,0.08184214703068608,0.7285812843583722
349,0.1,4.766285103478208e-07,0.0780002347901204,0.7926398324214317
350,0.1,9.495093919411324e-08,0.039422878326484126,0.9070405994033871
351,0.1,2.1382284115959097e-06,0.027097367499757136,0.9246609213524063
352,0.1,6.080462697977758e-06,0.0290536420068714,0.931129922669984
353,0.1,3.9057764912968894e-07,0.047873594268956994,0.8791056423182436
354,0.1,1.8247531297999358e-06,0.03612543995824346,0.9075467244399216
355,0.1,4.5737837374490434e-06,0.04065889759924756,0.8802050210021272
356,0.1,3.4967242816958124e-07,0.03295705014675921,0.9080067392360408
357,0.1,1.3089406318199632e-06,0.03882359642681452,0.9080288788915398
358,0.1,0.00010943352768520908,0.0968160421006545,0.7441984649682917
359,0.1,1.6467378079366512e-06,0.07993634271338303,0.8074855804735557
360,0.1,0.00027722557949357783,0.06833898525360949,0.8170159419202532
361,0.1,5.903566447559265e-06,0.028827389497086464,0.9293756868427091
362,0.1,7.511749858459557e-08,0.04531558860354137,0.8998458338528087
363,0.1,7.186555737084571e-08,0.036467965115619914,0.9025705428379087
364,0.1,7.61350921409322e-08,0.027263842716156825,0.9228644406352916
365,0.1,1.0996962818706762e-06,0.02760798665662962,0.9204931898816718
366,0.1,2.0088772558163068e-07,0.04590883826657202,0.8928518853679996
367,0.1,4.65782006842111e-06,0.041764994194438784,0.876886568433343
368,0.1,1.3127439075665405e-05,0.039943696378619435,0.8852832724634755
369,0.1,4.7581898993812453e-07,0.05506929474387838,0.8587765131412899
370,0.1,4.336862505252169e-05,0.04288631943105597,0.8805548511752272
371,0.1,2.9877308339875207e-06,0.05579435439796804,0.8675145047927766
372,0.1,8.519031489554673e-05,0.04488315812600685,0.8653662815078756
373,0.1,0.0001482204451045074,0.04582143575075507,0.8781831991171851
374,0.1,2.2268207580209185e-06,0.0377055630811873,0.8955987606734085
375,0.1,2.7724144228791898e-08,0.18953555617754744,0.5343534706060723
376,0.1,1.0292559645820487e-05,0.03200855129000692,0.9201552621157316
377,0.1,1.560539041009328e-06,0.0395656744435622,0.9061852269824461
378,0.1,3.1273022907943777e-07,0.12202496172042394,0.6727035536595753
379,0.1,8.905081536405355e-08,0.09397661037025143,0.7291987234441882
380,0.1,1.8889914479759501e-06,0.0662980721835357,0.8171922389683421
381,0.1,8.344405298108878e-05,0.05347767595355621,0.8173142287901651
382,0.1,,,
383,0.1,1.0543306587970544e-05,0.05000667973440565,0.8488764802824087
384,0.1,9.9469145668225e-07,0.0527766955282599,0.8321526091144004
385,0.1,2.435639668601464e-05,0.04197942669669483,0.8800705291913585
386,0.1,2.253915162466206e-05,0.07231569318770126,0.822644964302393
387,0.1,6.971891598375205e-05,0.12625409094937728,0.5651970260781642
388,0.1,0.00033462609912491946,0.08070724106856393,0.7695379472275481
389,0.1,1.8937170795682915e-06,0.08547097372925519,0.7927493584157433
390,0.1,1.9401587535036196e-05,0.06484520335324302,0.8330439977287275
391,0.1,4.0758633633620734e-07,0.0414095517399372,0.8714433568072624
392,0.1,8.072671787533256e-06,0.0674059983474924,0.8069897692036844
393,0.1,1.6674434945861726e-06,0.03469474615437463,0.8808948326507156
394,0.1,3.885150162161826e-06,0.095222795706061,0.6864591635203242
395,0.1,8.063790673128486e-06,0.03748285699486307,0.8750384115909069
396,0.1,6.508532649116294e-05,0.07858771528617597,0.7505833967345733
397,0.1,8.281568647562812e-07,0.047425385526850425,0.885154263774342
398,0.1,0.002667691309020207,0.04424936086860013,0.8866472338163288
399,0.1,4.2860740854509693e-07,0.035942522758224814,0.885282022829776
400,0.1,6.700128493356919e-05,0.04885033203349801,0.8675176260731293
401,0.1,2.1928603349137078e-05,0.05559000860468958,0.8528497313478113
402,0.1,5.620915499433927e-06,0.0633625956344145,0.8294580234104711
403,0.1,1.717383468274741e-07,0.044553148188745596,0.8897607582378443
404,0.1,8.960228000393784e-05,0.04318095543737099,0.8680128574436974
405,0.1,1.340171795350713e-06,0.04508784323976991,0.8783327673005877
406,0.1,1.0074658479906087e-07,0.04176516250036956,0.8740742888003332
407,0.1,4.0767690147719516e-05,0.10102823865295636,0.7143409422954571
408,0.1,2.105134273296098e-05,0.0760476966373818,0.7979564889986498
409,0.1,1.3111771076338903e-07,0.034731531537715105,0.9145325048781731
410,0.1,1.150338306081974e-06,0.03777557584282269,0.8661427628661703
411,0.1,1.7132216631075865e-05,0.0458141920959495,0.8719868510395602
412,0.1,0.00012658522212367232,0.0484411075795496,0.8764134909939234
413,0.1,1.3358904381924487e-06,0.03982729404327496,0.8827159196016907
414,0.1,2.11880129912251e-06,0.060718687955139045,0.8115172360336439
415,0.1,1.3299005433852636e-07,0.07692016017568357,0.8078893612765714
416,0.1,4.483257973269482e-07,0.029228983191046887,0.9282554778312514
417,0.1,3.5774120620515603e-06,0.0474569794989052,0.8868502608598487
418,0.1,3.094871149307689e-05,0.0797157525980055,0.8017529027160841
419,0.1,8.449598633396453e-05,0.048494432831590564,0.8462514879927223
420,0.1,2.84379868999407e-05,0.10749125949772594,0.6999325074264142
421,0.1,1.840029124868386e-05,0.036124003606549326,0.8846507550193397
422,0.1,2.5279324667223783e-05,0.040376706203008955,0.8716001519916526
423,0.1,7.801846909967803e-08,0.042585812448598735,0.8865561068436436
424,0.1,,,
425,0.1,1.1348701058353297e-06,0.03736272003674558,0.8891408000277866
426,0.1,9.271323602405328e-06,0.02783700929348352,0.9337624722792807
427,0.1,8.785182697666326e-08,0.11860966032799165,0.6656136716278194
428,0.1,1.2431838640939422e-07,0.05083569650918961,0.8644525192438168
429,0.1,5.928853430397928e-08,0.04412529401801661,0.8406965861534194
430,0.1,3.351284734583329e-08,0.151188519968172,0.582947902226254
431,0.1,1.1514595434466079e-07,0.02985061371234181,0.9321162214647652
432,0.1,4.270150884493811e-06,0.03782728799319615,0.9270691360973355
433,0.1,2.7400232882820753e-05,0.056498645140875214,0.8379434647008818
434,0.1,2.6399809015419658e-06,0.04265538269580699,0.8644545930440819
435,0.1,4.144790544723209e-07,0.0348151720502945,0.9188289356321339
436,0.1,8.694765182488376e-05,0.0812536999376306,0.7748994104697497
437,0.1,7.743492414116959e-06,0.06880821974437111,0.7671126122794224
438,0.1,7.381754221291654e-07,0.03620766021583239,0.886617726171757
439,0.1,8.335240086184521e-05,0.061226697782247326,0.8333696024943953
440,0.1,8.222529735143503e-08,0.0491649098988801,0.8813105648207884
441,0.1,1.5488078213932613e-06,0.049143646658433765,0.8397977475679049
442,0.1,0.00020243075767324768,0.060592700351157124,0.8237066884427201
443,0.1,9.312879710992339e-08,0.03641348757270386,0.900607976574793
444,0.1,1.7579771831871646e-07,0.03801847243319377,0.9147999814600907
445,0.1,1.4850741843452846e-07,0.03447396948214886,0.911661805924598
446,0.1,7.976489385822674e-05,0.06415328505901513,0.8047979295332685
447,0.1,0.00015222968509447628,0.07917749946139634,0.785973008042185
448,0.1,1.0201008273102404e-05,0.05116674051899704,0.8764990109096807
449,0.1,5.9486863098950865e-06,0.06305075726547697,0.8026747707883303
450,0.1,2.1731343251183207e-06,0.055380963573966636,0.8389192058117525
451,0.1,1.675453417477872e-05,0.04392971574231664,0.887773687980861
452,0.1,2.1228307545374062e-07,0.06039540249913942,0.8364076389541776
453,0.1,2.5227892710848394e-05,0.10169616449159369,0.6965402693577879
454,0.1,7.116535298037701e-07,0.14001737463906538,0.6599426456027813
455,0.1,2.884316666310424e-07,0.04402918245827787,0.8202581887590773
456,0.1,2.72685168136555e-07,0.03911008493763135,0.8657270708059593
457,0.1,5.320343445300348e-07,0.04377117560634,0.8965094437001621
458,0.1,5.139312055633404e-07,0.03943681221350826,0.8621900559006094
459,0.1,1.7038081582885257e-06,0.1115936195961121,0.7183974671083904
460,0.1,1.7701261947594406e-05,0.0783058229167286,0.7566205120161006
461,0.1,1.0975677244580424e-07,0.029937369684577043,0.9146015240941096
462,0.1,8.160931634989794e-06,0.035853757210864624,0.9059804612880941
463,0.1,9.195579263505341e-06,0.05500171183151416,0.8697718281511673
464,0.1,3.2542214014508554e-06,0.048780065591800155,0.876604629595648
465,0.1,,,
466,0.1,3.2966475570471115e-06,0.05819988157711291,0.8635254603555554
467,0.1,1.761344654914413e-07,0.036268328384767845,0.894103617823217
468,0.1,2.5218017044133244e-07,0.045658548328217335,0.8698370547518566
469,0.1,1.8520198648889756e-05,0.06988211381879848,0.7938299918740398
470,0.1,2.244082947560496e-07,0.04641680953055694,0.8598319154318355
471,0.1,6.636745065088045e-06,0.04804459953426619,0.8959217913875108
472,0.1,9.16794364985006e-06,0.07531854844618309,0.7798193517942634
473,0.1,3.715578682519134e-07,0.02993657066285829,0.9227208133122736
474,0.1,9.738946045526439e-06,0.06059458259848364,0.8507789312048092
475,0.1,2.6582472792665917e-06,0.030351288585240273,0.9117180509508204
476,0.2,1.0383048764247362e-05,0.04252562457740198,0.8729710293306503
477,0.2,3.7343726597370854e-07,0.05162668600622199,0.8649097147412546
478,0.2,6.221049984985662e-06,0.058782033180225325,0.8276464135663256
479,0.2,1.7314598751456942e-06,0.049695791926589274,0.8638803650542786
480,0.2,8.468640082314944e-07,0.0506761957262274,0.8694449745026817
481,0.2,0.00040821104155442663,0.03836910610932549,0.8873653838754038
482,0.2,0.00012921243023851514,0.04302040048600312,0.8886435774715619
483,0.2,5.816038682953351e-07,0.045125272019585785,0.8757369929851966
484,0.2,8.15420428190044e-08,0.03487077909173774,0.9098207551684323
485,0.2,2.6211703345946293e-08,0.16625357170904986,0.5280440647116995
486,0.2,3.828470159873579e-06,0.07748898790907639,0.7715307948166436
487,0.2,3.59099040165924e-07,0.0670568364993712,0.8269170578299148
488,0.2,5.292476582829494e-07,0.03720583734904594,0.9032636763430004
489,0.2,1.5826825388362288e-07,0.05620298768232182,0.8485149880628284
490,0.2,8.247039413243172e-08,0.04516976411566427,0.8889306075447903
491,0.2,2.0880099307416142e-05,0.054837526827778336,0.8318196872029245
492,0.2,1.698722753319815e-07,0.036659358060706186,0.9103634437668631
493,0.2,0.0002359537342777165,0.03769547228885641,0.8949912291305114
494,0.2,7.661159716321231e-08,0.04374865974080388,0.8762527554296374
495,0.2,7.822434192495097e-07,0.05104230268128151,0.8622114073434363
496,0.2,1.114425765541705e-07,0.05805441167391154,0.8123786468907528
497,0.2,1.0615255802862263e-07,0.07242367368196286,0.7796450267336821
498,0.2,8.694226772764551e-08,0.04663671135289427,0.8857057639987828
499,0.2,1.4375847875549025e-06,0.03874982229151009,0.9137040571058579
500,0.2,4.066789090872396e-05,0.07352121052893938,0.7743494674636429
501,0.2,7.334752948115332e-08,0.03287893854703467,0.9213735209167816
502,0.2,0.0003645474323616331,0.09838481727422338,0.7064157430471286
503,0.2,3.9020060265904023e-07,0.06804443873742169,0.8372299378176821
504,0.2,1.3308226821215134e-06,0.037452354269024754,0.9006612202996668
505,0.2,7.496463776211117e-07,0.04835340492632375,0.8669309200339272
506,0.2,5.4653876115705795e-06,0.03246646000112015,0.9072668080669241
507,0.2,4.4816698771698766e-07,0.044420430428107775,0.8893466187754367
508,0.2,1.2777163209315375e-07,0.06444835809267835,0.8743476071293256
509,0.2,6.195921545307312e-07,0.0638036673522138,0.7903571052076515
510,0.2,0.00017959957997259308,0.06398241462036289,0.8328811746396771
511,0.2,9.417899405483202e-08,0.05034355611837347,0.878289705288732
512,0.2,2.4541226614219575e-07,0.03625319668446253,0.89765174866869
513,0.2,4.600099972066486e-06,0.03381647911032202,0.9192483310766428
514,0.2,1.6388567590569145e-06,0.04852268222548172,0.877416471244582
515,0.2,,,
516,0.2,9.73032819372247e-07,0.08754265712514472,0.7550531476634111
517,0.2,2.876490454027307e-05,0.048396902288575516,0.8549532157804947
518,0.2,8.138078799241016e-06,0.061064235002702985,0.8212723433513803
519,0.2,7.448885228283632e-08,0.047123269658676616,0.8875364650371207
520,0.2,2.191544296616752e-05,0.05115718997761469,0.8762795408339098
521,0.2,7.863434226813052e-05,0.12359383451905612,0.6836155770137148
522,0.2,3.817041741690854e-07,0.05066258347642021,0.8675606864598806
523,0.2,7.302678140238183e-08,0.045406949311937464,0.886433928208391
524,0.2,2.080108368495094e-05,0.06716677218270299,0.8496278371897812
525,0.2,1.8318902097679003e-06,0.04008089834960087,0.8907275033065712
526,0.2,1.9272968935332194e-07,0.029408927262480206,0.9170529108821628
527,0.2,1.7039366844623077e-07,0.028884117417559065,0.9162122190822304
528,0.2,3.807011817974436e-07,0.07618713887774223,0.8189867661956105
529,0.2,1.5188684934088807e-06,0.03642327779522269,0.8947744082445409
530,0.2,3.83659370611287e-07,0.0366435118674568,0.8984082663060455
531,0.2,0.00011594484718400314,0.12310687268703106,0.6671169602457093
532,0.2,,,
533,0.2,8.143851099331792e-08,0.05555765324350101,0.8353295892374013
534,0.2,8.111063803589278e-05,0.03466257772847048,0.9051552439641203
535,0.2,0.00038058781360783507,0.06787763794904973,0.8351933879339338
536,0.2,6.009091019881925e-08,0.05521220683691454,0.8337134508713394
537,0.2,6.661336897381297e-06,0.06303855989605697,0.8265047937590636
538,0.2,1.0041092304046614e-06,0.04487425750312251,0.8741405211621824
539,0.2,7.794764895408197e-08,0.039620991985451874,0.9160678826692261
540,0.2,8.079302484806945e-06,0.06428901667292262,0.8419173858744273
541,0.2,2.7521059073014783e-06,0.07884449808577712,0.8028790333874878
542,0.2,6.181919720040707e-05,0.1039610768180771,0.7270020488543545
543,0.2,5.0639614028166995e-06,0.04004544137487928,0.894446484065784
544,0.2,0.00010008639659610988,0.0680397108368946,0.8118516550077388
545,0.2,2.024417955834155e-06,0.03545623283855665,0.8857394541884083
546,0.2,2.740152279603146e-06,0.060074093115034796,0.8532590179541016
547,0.2,3.930744806372316e-06,0.055908871645279176,0.8285172903769762
548,0.2,0.00026304484987686375,0.061219129008514554,0.80201857841866
549,0.2,0.00025566374514507563,0.10589614904848078,0.6541152811299527
550,0.2,2.8172966523524153e-05,0.0716878861254516,0.823520628779069
551,0.2,8.416692687224885e-05,0.12184294630337647,0.60583158920956
552,0.2,6.792263791523207e-06,0.0794703348627854,0.7689913707441414
553,0.2,7.394049130049616e-06,0.06598952691569232,0.841386471091997
554,0.2,9.196753017906955e-07,0.04721493551833668,0.8753887531062631
555,0.2,4.780719452576021e-07,0.08929129045254047,0.6939556925188867
556,0.2,1.1582360616446175e-06,0.037470457717773284,0.8934671362773479
557,0.2,7.63316240462373e-06,0.03944732816535412,0.8978860097976699
558,0.2,4.075276326218323e-06,0.03080387813995952,0.8987591960232927
559,0.2,4.106345715426591e-07,0.05633335256379058,0.8278541708332348
560,0.2,1.1624894780911932e-05,0.04370283700202336,0.8511700872914906
561,0.2,1.927271641179773e-07,0.03896493892220594,0.9101190464899438
562,0.2,1.2090684550543747e-06,0.0553836970623493,0.831300673906631
563,0.2,8.256361613787703e-08,0.04705732266223748,0.8864319328681697
564,0.2,6.1171606334830835e-06,0.05050559815435299,0.8694040607933673
565,0.2,9.184821477666778e-05,0.05990652478418173,0.7984715986309878
566,0.2,0.0001362108608144658,0.04741609879401764,0.871821209297161
567,0.2,6.0312447160551045e-06,0.04889754609233806,0.8715569144484808
568,0.2,5.7364926676206976e-05,0.06345723855029203,0.8292280563853027
569,0.2,3.340588798891158e-07,0.03791795191495213,0.9066195377673332
570,0.2,5.882438488220423e-08,0.04787662220104969,0.8524301648822247
571,0.2,7.935598249172415e-07,0.03440127841264011,0.909335935995811
572,0.2,9.71309632136799e-08,0.05111930133237327,0.8438908460795695
573,0.2,3.925337205233486e-05,0.09681962913865075,0.7251820831938326
574,0.2,4.8853550012279056e-05,0.06922881183142271,0.817915670494221
575,0.2,1.0730911878984318e-06,0.03519602197280984,0.9124396639381018
576,0.2,2.077549068483229e-06,0.03404637836535988,0.8807408657314248
577,0.2,1.5594750510851193e-05,0.06461370143997637,0.8138786306133183
578,0.2,8.212725556388704e-08,0.042524624666004616,0.8901837412375307
579,0.2,3.045413225285799e-07,0.03856659256789562,0.8855427938660613
580,0.2,8.382458270530716e-06,0.0807118171276259,0.7422093355203122
581,0.2,1.445012525992347e-06,0.03978620605191623,0.9065998969346014
582,0.2,4.792525945710235e-07,0.04006553794363729,0.8994579909288903
583,0.2,3.311837737772903e-06,0.050361694338464436,0.8807966900390607
584,0.2,6.714790923281524e-05,0.10002447691285045,0.7424182405834973
585,0.2,3.580373893188378e-05,0.05723025293622326,0.8147971040008327
586,0.2,2.2906766521050123e-08,0.17677359612036034,0.4148689327562848
587,0.2,2.3635985043334007e-05,0.04728742312455254,0.845933189299812
588,0.2,5.928219958698035e-05,0.049637818818268065,0.8396480603062124
589,0.2,5.071547807329826e-06,0.07257120738665405,0.7961766617272004
590,0.2,3.057609210650504e-05,0.07746693790440169,0.744098431131653
591,0.2,3.299879238873666e-07,0.03162407981926573,0.9118736871198083
592,0.2,2.294923454177151e-06,0.029604770364908564,0.9288950059326653
593,0.2,8.592017043192323e-05,0.0562538054539866,0.8557583568534787
594,0.2,2.834662455575777e-06,0.05746808334937199,0.8447708986465351
595,0.2,2.104472605935258e-06,0.04251552057112558,0.8472138783328178
596,0.2,3.807438596830741e-08,0.15106465874798755,0.5734924160962462
597,0.2,1.6934378681212392e-07,0.03440291863865982,0.9216445952527995
598,0.2,1.5725384042619015e-06,0.05308659164892596,0.8954197729871142
599,0.2,3.0810956815898723e-07,0.05504417950206854,0.8416296552258967
600,0.2,8.502754300316997e-05,0.06359818500143188,0.790260149703151
601,0.2,9.526092682372312e-07,0.03764901279810325,0.9092400454278562
602,0.2,2.9792372564091265e-06,0.039461794699199124,0.8985434087223538
603,0.2,2.104084100366745e-06,0.032997898007918657,0.8953120477369351
604,0.2,0.0004961041533919059,0.04660643197877066,0.850775141710198
605,0.2,1.3218260261951784e-05,0.0601009288151148,0.8374976741080893
606,0.2,2.5484064305604887e-05,0.06198538306966419,0.8472985323937768
607,0.2,0.0002554449938350213,0.07246775192711023,0.7564767159546131
608,0.2,1.7879712684143718e-05,0.07142698842912595,0.7882522554890697
609,0.2,1.9485479875050343e-06,0.053194908822255436,0.8514382444778856
610,0.2,8.30080423166044e-08,0.04746103785550606,0.8932013002198704
611,0.2,1.3488710080657257e-06,0.04251632096500096,0.8901085325113595
612,0.2,2.2749754194963252e-05,0.042493820523218644,0.8802106596592638
613,0.2,8.343334411351824e-05,0.07440654950860225,0.7992884381210341
614,0.2,1.054772218356564e-07,0.046237109806393964,0.8895920773227181
615,0.2,7.737363418223892e-06,0.060665490711339885,0.811752879984933
616,0.2,1.2383505672010393e-05,0.032223268247616184,0.9084996019752121
617,0.2,1.0649576812357956e-05,0.04568541464332023,0.8824847724936682
618,0.2,1.8366848820941615e-05,0.07273910756330904,0.7986810319791394
619,0.2,6.071161006017354e-06,0.05089296791778728,0.8554621351743279
620,0.2,4.1202103682360846e-08,0.17414597196693232,0.5462214690188608
621,0.2,3.36915919647399e-07,0.039971633770350894,0.8398736663082844
622,0.2,1.133579366974672e-06,0.06127010222171139,0.7781255466939913
623,0.2,5.402856323870585e-05,0.11418567605089804,0.7000472945146484
624,0.2,1.9987490881922907e-06,0.02772701792418343,0.9051941585466553
625,0.2,1.0450003740309485e-06,0.06145252892698863,0.8537927183343824
626,0.2,6.372051867912004e-08,0.050536898107421326,0.8491610040396911
627,0.2,2.9544451805610166e-06,0.039585159509490236,0.8851037494915757
628,0.2,8.998859427913294e-07,0.056907573073687594,0.8471272001710121
629,0.2,5.624787260428427e-07,0.09558736244088972,0.7589942233557334
630,0.2,6.079407055729669e-06,0.11102527698544434,0.6937577124005743
631,0.2,5.484963208199004e-07,0.04563830201329475,0.871810777568159
632,0.2,3.519296214179317e-05,0.09421395367724224,0.77368116528588
633,0.2,8.287315294323008e-08,0.02982224914174638,0.9145025739721283
634,0.2,2.458029486387022e-07,0.04330345096801319,0.8772775716647597
635,0.2,1.0687655867555156e-05,0.08061645267956215,0.7554567861369244
636,0.2,3.999868365173912e-05,0.05133445058112924,0.8431022666176906
637,0.2,,,
638,0.2,3.2854946202746935e-07,0.05805071533707767,0.8723389420889337
639,0.2,1.126468430985576e-09,0.1936905694368258,0.16483640313903675
640,0.2,7.986198720340687e-08,0.035733580576645954,0.9069989199588088
641,0.2,4.366964091017377e-05,0.0715094403477483,0.823124751963027
642,0.2,6.057879433986251e-06,0.040596958497098115,0.879005270506996
643,0.5,6.729027461270503e-08,0.06065135243164228,0.815066887969758
644,0.5,1.5840996466084526e-08,0.18162248774436854,0.38648563659137525
645,0.5,8.12690421186828e-07,0.0682142198286895,0.7977686935759754
646,0.5,0.0003574439020250592,0.06352148857853578,0.8164317205382748
647,0.5,7.297480707856396e-06,0.06937166994823614,0.820333826116853
648,0.5,3.116549280846138e-07,0.05541438925094536,0.8461084291266149
649,0.5,2.9375408995376418e-05,0.15105080929106948,0.5715778224645425
650,0.5,2.477960647132769e-08,0.15118915162334634,0.459388838990598
651,0.5,8.31814412732338e-05,0.118346415639649,0.6674220412502616
652,0.5,6.457725262096393e-07,0.10327513991454275,0.6501655263438738
653,0.5,9.98411865067166e-07,0.0618778714443026,0.8480406968794624
654,0.5,1.6189343729902984e-05,0.06108078465086538,0.8275504106095186
655,0.5,4.444133035448564e-05,0.06540879805875356,0.813412369411298
656,0.5,8.671182739471879e-07,0.08116813860352678,0.7662769400604016
657,0.5,6.610103122394193e-08,0.06481564992273035,0.7978855113664354
658,0.5,4.52304655350655e-05,0.07582083373489729,0.7689101645602197
659,0.5,3.197188308810156e-05,0.10479033143731542,0.7162972743509872
660,0.5,4.025017022206218e-06,0.07439646117848231,0.8275063008886296
661,0.5,0.00012623626246116912,0.07086525986292974,0.7841377337699748
662,0.5,4.5710090430947363e-07,0.08243412993413038,0.7940238874689233
663,0.5,3.932800701713497e-06,0.0765371530442724,0.7856898214126015
664,0.5,6.704722243453819e-05,0.10894852875178483,0.7178820047107051
665,0.5,6.099891849709241e-06,0.07130101088259812,0.7983136715084156
666,0.5,7.450508985639744e-06,0.07308038991467415,0.7785233989050775
667,0.5,1.0174005188337628e-05,0.13077729621014067,0.703720816791794
668,0.5,5.692411031220975e-05,0.08093606278317222,0.7247888167257013
669,0.5,2.7466527622264228e-06,0.08603543097057306,0.7675082451011744
670,0.5,3.2928576300336307e-06,0.07405836946026657,0.8124411021459761
671,0.5,2.8295281870185814e-06,0.059381453189864465,0.8403561166935629
672,0.5,2.887625096824816e-06,0.06840640237701866,0.8465315638355304
673,0.5,6.0484050818235994e-06,0.07354842141004396,0.804311581033616
674,0.5,5.35837912751213e-05,0.06292479448914456,0.8528982952559179
675,0.5,3.652025460352762e-05,0.07938672420128981,0.7893401665107482
676,0.5,7.390630488007243e-05,0.07679587942990412,0.7599950936605441
677,0.5,1.0455156178677391e-05,0.07734021073085602,0.7698191450267194
678,0.5,2.907348331919144e-06,0.07383417939857656,0.8247104871177522
679,0.5,9.943556266943119e-05,0.0818707644908276,0.8037052024542661
680,0.5,2.2780528426984363e-06,0.08054532503537493,0.7798148278239022
681,0.5,4.001973034440333e-07,0.08626955014504831,0.7984874923307484
682,0.5,6.997179623481041e-08,0.06632742204114966,0.8093873201092605
683,0.5,7.82020991529197e-08,0.07090861458845892,0.795047476730101
684,0.5,1.7411629902688725e-05,0.09407322212572829,0.7574253082269815
685,0.5,2.7336755659115523e-05,0.07109613776023754,0.7793807718252479
686,0.5,2.8584451289126473e-05,0.08162300095900389,0.751023525026006
687,0.5,0.0009712724594705497,0.09020040336330874,0.756600887406111
688,0.5,5.614001130494325e-05,0.0982856894445676,0.7507350900888011
689,0.5,2.248277278611487e-06,0.062171056256578115,0.8054330677878336
690,0.5,9.287116027807165e-07,0.0778166129308825,0.7831951025496923
691,0.5,3.495387457777269e-06,0.07279117638249058,0.7817244290203347
692,0.5,3.808162331385221e-05,0.11208049058634362,0.7391672764988074
693,0.5,3.88369413607602e-06,0.07779519838635748,0.7940105922531935
694,0.5,1.57653034237569e-05,0.08662515915151615,0.7848781692850404
695,0.5,0.00013608764242765967,0.07692773529124759,0.7846165924963943
696,0.5,4.99834597530085e-06,0.08043423869092176,0.7745684709714442
697,0.5,4.059589921086058e-07,0.09285580977943264,0.779407361910551
698,0.5,5.601351377094859e-06,0.07106550672991888,0.7661849732364355
699,0.5,1.135692651723865e-05,0.08491987978127351,0.7905086605521454
700,0.5,3.5737339713427656e-05,0.10115855772851881,0.6725078868738649
701,0.5,1.903660287540638e-05,0.10371311036903652,0.6804393348097436
702,0.5,5.1679235095180705e-06,0.08776406933915644,0.7828730391814086
703,0.5,3.534586196130699e-06,0.07561678528668182,0.7959839945065199
704,0.5,5.17137126646274e-07,0.0605722392337318,0.8314017492863018
705,0.5,2.8877399850142896e-05,0.052443830015469886,0.8321602338282211
706,0.5,4.6017955113720544e-08,0.13876429893919426,0.4767620577181208
707,0.5,2.930639578969568e-06,0.05045569115124828,0.835853338569278
708,0.5,6.404032568109201e-06,0.07591506706927155,0.7587702302771092
709,0.5,6.169442704101283e-07,0.07234206086792715,0.8181582150825705
710,0.5,6.540748798858101e-05,0.06992244896797499,0.8191816996580683
711,0.5,1.457292734339202e-05,0.07592618771722066,0.7481891131412385
712,0.5,0.00025043889854546564,0.06297859253530858,0.8283479158964849
713,0.5,2.5393252378374184e-07,0.06914222315374849,0.8131685386844643
714,0.5,1.3158035482043377e-06,0.06194632362093379,0.806899096768176
715,0.5,3.298186542704918e-07,0.0734576748551561,0.7730794174725661
716,0.5,7.347213415110166e-08,0.09420858337892557,0.7309661686419744
717,0.5,5.6929127164843824e-05,0.08190382463978704,0.7826873375845198
718,0.5,1.9333757851987814e-06,0.06591715798835764,0.8185903806192174
719,0.5,1.345096575039499e-07,0.06381016253011897,0.8311513987288327
720,0.5,7.754922073782101e-07,0.08268759409779611,0.7307723527064027
721,0.5,7.015024756085368e-06,0.0657595090202049,0.8527338212883855
722,0.5,1.905106942994464e-05,0.07338904252227862,0.8072800784275765
723,0.5,8.44915450859461e-06,0.09282741917500544,0.7698521030784606
724,0.5,3.624794831181451e-05,0.08600548454982081,0.696059660629797
725,0.5,,,
726,0.5,2.1859636491377675e-05,0.07240903505961117,0.756600570869142
727,0.5,6.400994180303178e-06,0.11925159819324951,0.6389139996140778
728,0.5,8.362776388019528e-05,0.07682174575210153,0.7414627637092276
729,0.5,1.2308676984896593e-05,0.06422318927046011,0.8051869074780338
730,0.5,1.3117277205833788e-07,0.08465440316820624,0.7841494075970729
731,0.5,2.704647895656255e-05,0.07561767649883479,0.7947782668367567
732,0.5,3.741284826390671e-07,0.08172161871079936,0.7729059890260961
733,0.5,1.0577228122029864e-05,0.05432819609299242,0.8023146480918342
734,0.5,7.452969171872186e-05,0.08360439607721003,0.7409462515432859
735,0.5,7.767817991443573e-09,0.20338835680711917,0.36997683519912905
736,0.5,2.2751860634198435e-05,0.11294187277659795,0.7118180400817781
737,0.5,1.653431433921891e-05,0.08444134424702951,0.8239892597824242
738,0.5,0.0002577346538175497,0.12323085053532615,0.5945362775217697
739,0.5,1.6515768058099798e-07,0.08082128101288151,0.7773218551301866
740,0.5,1.8069974504676323e-07,0.056835305544923186,0.8119615267679341
741,0.5,0.00012073509898435353,0.1393203949561661,0.44040313945816006
742,0.5,1.0935526615862782e-06,0.08763609139275942,0.7523635653351382
743,0.5,8.336627400034445e-06,0.08317391398171073,0.7094969474682602
744,0.5,0.00032915536451554847,0.07498273256047307,0.7799350286293364
745,0.5,7.025062206740252e-08,0.0778161739848632,0.7733503926258518
746,0.5,1.6956978573034397e-06,0.07381847418502373,0.8107524718139196
747,0.5,1.0226612285137158e-05,0.05978260887635239,0.8439584492252252
748,0.5,1.8733585699967052e-07,0.08739973600944125,0.7557808814875627
749,0.5,7.242576383489714e-06,0.07438375828632293,0.7563263478019726
750,0.5,1.0091214259791412e-06,0.0692574514543847,0.7927914203801624
751,0.5,3.2890720210866418e-06,0.07348943377437811,0.8028072093061909
752,0.5,5.9173657148035075e-06,0.08322490653942224,0.7700352150727414
753,0.5,6.045436014109212e-06,0.07729756549653889,0.7742721721225796
754,0.5,,,
755,0.5,8.208144080522173e-08,0.07240210068022715,0.7346032393137947
756,0.5,3.7278445488481024e-07,0.08529144534268034,0.7925994983061676
757,0.5,0.00015404135762768587,0.07365195688772655,0.7181442035996615
758,0.5,3.7202954595314072e-06,0.079858058995063,0.7985087765502557
759,0.5,6.82644768848589e-05,0.05933046368755672,0.8278718257522721
760,0.5,5.405802557462577e-07,0.07155734447627453,0.7921800997636356
761,0.5,3.705084147742699e-07,0.06622894502796721,0.8368140075396128
762,0.5,2.1686916176953132e-07,0.07772610444311566,0.8126471536044662
763,0.5,1.2393771272778745e-05,0.11323937962084121,0.6726735183091282
764,0.5,1.7724944006506934e-06,0.08081507206532525,0.7561018789588034
765,0.5,8.251140859287956e-06,0.10652302804461433,0.7314327072675094
766,0.5,2.0464430065010933e-05,0.06942484707485284,0.8094884035273586
767,0.5,3.109135921255605e-06,0.07552212542756888,0.7954084942995785
768,0.5,1.4920266324382191e-05,0.07858104531827297,0.7464208520252719
769,0.5,,,
770,0.5,1.0849603681360822e-06,0.07265797909890957,0.8339817525549289
771,0.5,9.819526717184278e-06,0.06726559369500065,0.8079823971850234
772,0.5,1.5758659838760248e-07,0.06658960540293372,0.8206624571414665
773,0.5,1.3660154672299057e-07,0.12399752525458192,0.6606881265149812
774,0.5,7.039611875456516e-07,0.07274534064663304,0.7755165206658792
775,1.0,,,
776,1.0,4.609322872919885e-05,0.12140563893881394,0.6645169434843563
777,1.0,4.95195174659959e-06,0.10104247615715983,0.6805037210412173
778,1.0,5.434190556427475e-07,0.13989710392929586,0.6891038167627701
779,1.0,1.4898054305237113e-07,0.1547361859606743,0.47186094894088704
780,1.0,5.762081456963444e-08,0.17134195541666847,0.38682562317355046
781,1.0,6.82881710895505e-08,0.1688391339710525,0.48530716550019776
782,1.0,2.774370685604656e-07,0.20254795574197462,0.33620150147326916
783,1.0,4.836940725173538e-06,0.1501322822675264,0.4849115597331691
784,1.0,1.6929296267092947e-05,0.11806419026239964,0.6905335911210493
785,1.0,1.0453226625626959e-05,0.1531763162653948,0.6214008256442666
786,1.0,3.240836964402408e-05,0.10964294318620572,0.6919902380663604
787,1.0,9.746099410770011e-05,0.14459366772567295,0.5270494825394918
788,1.0,4.7210084999198395e-06,0.12033296434635768,0.7348247834864499
789,1.0,3.0960680878432394e-06,0.10691181889812468,0.6767417355096786
790,1.0,1.5854714869877494e-05,0.11848890894223012,0.6858678328126432
791,1.0,2.7999036079349612e-05,0.125376759535128,0.6414734452436012
792,1.0,1.079340956047672e-06,0.10922849157043565,0.6558254611142715
793,1.0,0.0002488020740666244,0.17947140669937445,0.45917580149444615
794,1.0,1.0544470611997862e-07,0.10724574404303518,0.7469676930818332
795,1.0,3.556375644814906e-07,0.13776868000295192,0.7301158866358111
796,1.0,0.0002093811182236618,0.18810597032967888,0.3572784405389201
797,1.0,8.065999858530523e-07,0.14528089482403267,0.635365946204395
798,1.0,3.7788249091498714e-05,0.1478500474590265,0.6029796896942378
799,1.0,6.7459671887068865e-06,0.1451301057271494,0.5947753879448305
800,1.0,3.7395976225429297e-06,0.15940244088473657,0.5427851605044028
801,1.0,4.770390013558136e-06,0.11423166569116243,0.6947374134062319
802,1.0,2.2672907073817617e-06,0.10903303201895853,0.6549944490619815
803,1.0,2.3907276953925447e-06,0.160410016642943,0.6490733611919125
804,1.0,4.193333464060378e-06,0.10628637271522197,0.6678766495692495
805,1.0,2.069554041340236e-05,0.11994519036938725,0.6803682906426574
806,1.0,4.704630820120563e-05,0.16736694141686323,0.5326844994528178
807,1.0,5.148626381577798e-05,0.11101387845470961,0.671887375567666
808,1.0,4.040163188296833e-05,0.13696624167999671,0.7062398763581074
809,1.0,1.587011751399668e-05,0.1087126231119977,0.7016600205511502
810,1.0,0.00015230328632038454,0.13039119645974193,0.6507499372224147
811,1.0,6.668630606708121e-08,0.13078550062151878,0.5497638237135012
812,1.0,1.641672288124959e-06,0.10699402391400832,0.6969862520033806
813,1.0,8.809166269842861e-06,0.1765039328353485,0.5201240596454026
814,1.0,6.019439588970541e-08,0.1711404398141198,0.479978462268421
815,1.0,1.7710816424611505e-05,0.13275749408832574,0.6557955608273471
816,1.0,3.021365336466165e-06,0.1134506701330907,0.6911665780561576
817,1.0,1.542322475159911e-06,0.10877789952148566,0.7079934153241316
818,1.0,4.975422798739548e-07,0.18397093394289746,0.5170270792695437
819,1.0,1.5682848237556493e-06,0.12586166056091164,0.6543439328718419
820,1.0,1.5711195218277245e-07,0.14743013906173202,0.5419338993665733
821,1.0,3.29968435210141e-07,0.10361967450027151,0.731941136875059
822,1.0,1.738925560682116e-05,0.13967225889111648,0.6452082177163991
823,1.0,9.193220069049965e-06,0.08819816544165886,0.7426864049942165
824,1.0,3.513793266365988e-07,0.12319680279479855,0.673150395411131
825,1.0,1.688119571628944e-05,0.15363298402741776,0.6031621591587383
826,1.0,5.156033827010024e-06,0.10854909313150657,0.6954100066426732
827,1.0,0.00015203801311522907,0.16024326546827428,0.5462762450197962
828,1.0,6.94926072152208e-05,0.09662399328332766,0.6897548014837137
829,1.0,0.00018552674974859452,0.15378860328528313,0.5177744457486028
830,1.0,3.596104507753401e-06,0.13509382343643878,0.6714048892946265
831,1.0,0.00010724237529680345,0.1368583730108268,0.6848755630737986
832,1.0,6.082957229458103e-08,0.164306541340363,0.48752167937343605
833,1.0,6.071436115776781e-06,0.1264997185431474,0.6847234048115404
834,1.0,0.00011640074826450255,0.11571537987445894,0.7060325209064424
835,1.0,2.578197774491577e-05,0.13835371904341062,0.6576896874890429
836,1.0,1.7616347025431874e-05,0.1443503903922919,0.6566623274323016
837,1.0,1.9609513838435066e-06,0.1731151964931961,0.6128426823914509
838,1.0,0.0005670670290487959,0.15821739210577856,0.6499376987299462
839,1.0,0.0001394929063329212,0.1443145083546964,0.5431442775627747
840,1.0,1.696902279898271e-05,0.11693982723572503,0.6362097790667195
841,1.0,3.2842890303315894e-05,0.11875351885015564,0.617591115147865
842,1.0,1.0865795095384467e-07,0.1920862298866011,0.42927299052671414
843,1.0,1.5186538136274102e-08,0.16637252800998872,0.3083527218386135
844,1.0,3.274286251830192e-06,0.19440537648604345,0.33679265309971956
845,1.0,3.963338745837105e-07,0.11845968952048981,0.7113106651651097
846,1.0,2.18309296177469e-06,0.1374773472662449,0.6097103015429087
847,1.0,3.293212124806667e-05,0.09627594214822263,0.685583177441189
848,1.0,7.256545623470018e-08,0.12154246662667245,0.6414381634779666
849,1.0,0.00010853806975920754,0.09848215248184465,0.6193378612259752
850,1.0,0.0002525297032503356,0.10122002049058954,0.6830591833172455
851,1.0,8.822413091660044e-07,0.15314906534678846,0.38259901556295084
852,1.0,0.0002134883380241686,0.10310426750640068,0.6539632199334741
853,1.0,3.1282403140221634e-05,0.16618878649129748,0.5009958355028689
854,1.0,5.264442116457443e-05,0.12980012699139415,0.6719128065727054
855,1.0,2.3073263494327183e-07,0.1199425425010422,0.6180254607534624
856,1.0,1.2407935092807485e-05,0.10867030267349412,0.6813013310218656
857,1.0,0.0002679176156509297,0.18389917123352284,0.4989930681230958
858,1.0,1.8966289440811052e-06,0.15498829129047884,0.5622952629983329
859,1.0,4.852097174638731e-08,0.15760317708279167,0.5134462998996443
860,1.0,6.971489734961237e-05,0.11185075895106855,0.6743852276491598
861,1.0,1.3225330649745037e-05,0.147656773964584,0.5434305245947317
862,1.0,6.36688479664695e-06,0.1131123794809651,0.6833303694284275
863,1.0,0.00019374694546834433,0.1430709297083376,0.5599218888051865
864,1.0,1.3458110012925297e-05,0.1504668218328448,0.6899713387344566
865,1.0,4.7392361593168054e-06,0.12135558435737101,0.4692904527025914
866,1.0,3.8678723426741956e-06,0.14697419369448358,0.5852196424536208
867,1.0,2.481687836592169e-06,0.11606465260795013,0.6978344087641776
868,1.0,5.4552944336118124e-06,0.09679599149611093,0.6860139545149955
869,1.0,2.760484920569394e-06,0.10898636304216354,0.6545203586777563
870,1.0,0.0005551260676684015,0.16527288514397667,0.6036007977885713
871,1.0,1.2739411768724654e-06,0.12860573730536337,0.6743934273440234
872,1.0,4.977502982431053e-07,0.14246120452932307,0.63741785094007
873,1.0,5.203629924813433e-05,0.1493287958551809,0.6249318948271316
874,1.0,9.785218644995479e-08,0.14798142608765888,0.5781429735989522
875,1.0,0.00010918033485621607,0.12640042960251924,0.632833168716732
876,1.0,0.0001110665468793627,0.10548962710033978,0.6134604167154601
877,1.0,1.1748750347293498e-06,0.15448376505420602,0.5294644257426422
878,1.0,0.00015327025868100183,0.1287883984442551,0.6994051765187795
879,1.0,0.00012610381047412563,0.12153805397975505,0.6665770894254033
880,1.0,1.4622084309283931e-05,0.14707191399025665,0.6427598585079699
881,1.0,1.2878929358528566e-05,0.1202781240717992,0.6985131985869898
882,1.0,8.701277179355279e-06,0.14317044420472558,0.6498385817431663
883,1.0,2.8014627903552937e-05,0.10017596114991256,0.6731726784243773
884,1.0,4.542941948166665e-06,0.1329092433105326,0.6477367821458897
885,1.0,1.1398161669274222e-06,0.19768037287385623,0.5131595503272129
886,1.0,9.008068940832875e-06,0.1912633639501427,0.5632434261796343
887,1.0,0.00015333804364011264,0.1254938698681791,0.5782007423371555
888,1.0,1.7881553339133283e-05,0.1058216765149907,0.6791613955552022
889,1.0,2.7405438328766322e-05,0.15004522758576128,0.640166568781129
890,1.0,5.7063960690180746e-05,0.1303302044532427,0.6480015823252974
891,1.0,4.457326397219785e-06,0.12481512230721205,0.5603785064105596
892,1.0,0.0004477846028657075,0.18068442965485484,0.4850592800341849
893,1.0,6.582802098653333e-06,0.14943342172195845,0.5856227319029199
894,1.0,,,
895,1.0,6.170994918947412e-05,0.13226548912143118,0.523430891706082
896,1.0,4.9144770910913036e-08,0.16981459968435397,0.4100595267975879
897,1.0,2.3329437063299977e-05,0.1721535432201718,0.5514424459849464
898,1.0,1.4363616426909795e-06,0.16842410572430794,0.7309719637069794
899,1.0,4.7833357959900055e-08,0.19292751758854207,0.3365737492973774
900,1.0,7.100954818257326e-06,0.1037723755941632,0.7317413362328976
901,1.0,6.325699548783072e-06,0.15255805893326083,0.5897322741512202
902,1.0,3.911816883862414e-06,0.21895038650106885,0.47242722902948636
903,1.0,2.0135358067104293e-06,0.1424721135409919,0.5972157068133489
904,1.0,7.161423034201761e-07,0.10828388673894013,0.6832300762273742
905,1.0,4.711398273387454e-05,0.17395559036952452,0.4551323045767266
906,1.0,3.8061850609577844e-05,0.1265258938409473,0.6784043978446908
907,1.0,,,
908,1.0,6.337627750031933e-08,0.17194550466633207,0.5487483256800187
909,1.0,1.1368818150793677e-05,0.09488941983525007,0.6442918158813813
910,1.0,2.4440247249750735e-07,0.10442109933018989,0.6323881192831844
911,1.0,4.1722104479754066e-07,0.16722336735668436,0.6498832800295892
912,1.0,4.383606094851788e-08,0.1314225046317294,0.4250336595898163
913,1.0,4.191106312487594e-05,0.13633486284073731,0.6331337713612799
914,1.0,4.15191756786152e-05,0.09869536595813017,0.7392470221215462
915,1.0,3.0510074917809208e-05,0.11099909071936664,0.706939431132794
916,1.0,3.87605790277784e-06,0.13506490338581512,0.6764060006539769
917,1.0,6.620291259830299e-07,0.189654499001328,0.5177567271831853
918,1.0,2.125412898743953e-05,0.15640332688407338,0.5477908704915407
919,1.0,5.8171844832281375e-08,0.13698329020169953,0.5544023991207048
920,1.0,3.686813152989911e-05,0.12221886877645385,0.7426919992846919
921,1.0,3.5368774600248844e-07,0.09552146052450446,0.7116718047211898
922,1.0,0.00047775829742097435,0.11551563369635362,0.7017077161983394
923,1.0,9.937766899608816e-06,0.16816087381959519,0.47680294808691986
924,1.0,5.504189983683473e-06,0.12885078981735457,0.6140187486673137
925,1.0,8.051037262742342e-05,0.21454593143728476,0.4354466203601432
926,1.0,8.751808683262078e-07,0.11600949122084969,0.6842579730673674
927,1.0,2.5049879276651395e-06,0.11169402616274622,0.6933000967712963
928,1.0,8.210906773099375e-08,0.15719051782159846,0.5961849210059821
929,1.0,2.933730470000419e-06,0.12449549070827653,0.6634340073354229
930,2.0,4.1846211486452725e-05,0.19484919554104155,0.5390235383220767
931,2.0,1.0032944187981443e-05,0.18812626180559264,0.5054530153083654
932,2.0,3.2443844664533656e-08,0.17982667895913787,0.31952901453397675
933,2.0,1.2011428179337802e-06,0.24357681992937347,0.23563309155534112
934,2.0,,,
935,2.0,1.3255761082734695e-06,0.30058012577552506,0.4502734849815916
936,2.0,0.00024372284063689482,0.22474618159319432,0.5382040574817895
937,2.0,,,
938,2.0,0.00025219406954722856,0.3439801262128348,0.30951608641257344
939,2.0,0.00021141271578347108,0.32410841745893976,0.26245905791163987
940,2.0,1.7597184547596654e-05,0.20004499817455576,0.3765681289271748
941,2.0,2.8732303241810624e-05,0.21377681110115307,0.5307816719223047
942,2.0,1.862084011785355e-06,0.3177116704682364,0.24266780442607824
943,2.0,0.000449309150215499,0.2895887352936546,0.25124204528614535
944,2.0,0.00011864642044980129,0.25414373843486215,0.4728879876482511
945,2.0,0.00014496875510923232,0.39278603282714225,0.34443335962880633
946,2.0,1.3540619792618687e-05,0.21104218078895784,0.27199647294861595
947,2.0,0.0005861124724569711,0.24958342444492418,0.49750697107172315
948,2.0,2.8957028428215068e-06,0.20397444283357916,0.4657355674225865
949,2.0,1.9676504222507754e-05,0.1914148374766222,0.44408271058500004
950,2.0,0.0001167964477448767,0.24374242218824702,0.4681951283215062
951,2.0,7.638362400550739e-05,0.3538621632848309,0.41898338084153436
952,2.0,4.901718429165566e-06,0.40685703873926604,0.47908097679338363
953,2.0,0.00037366483694853956,0.39393614961953216,0.36628504860825806
954,2.0,0.0011840291281363794,0.3712944860116619,0.2822211139812699
955,2.0,5.127297937285794e-07,0.25419980909941636,0.4168483075199284
956,2.0,1.2096108222894285e-06,0.3150861026952885,0.29281653557648984
957,2.0,0.0006665965803689473,0.2672620603163937,0.3397699498874842
958,2.0,0.0003965968853172847,0.33750260156618034,0.4693132795795498
959,2.0,1.5063132278839445e-05,0.26347236863864565,0.3541441820817458
960,2.0,0.00011374382057148766,0.27199132567993733,0.38680356345913797
961,2.0,2.4724560267354506e-05,0.2381305610093588,0.4599236057700325
962,2.0,1.5039341115819452e-05,0.19847628276998908,0.5706410416577488
963,2.0,1.421691910256215e-05,0.32533412852180366,0.32049079508062966
964,2.0,,,
965,2.0,0.0005162676682583479,0.19207190157220888,0.5031890509436137
966,2.0,0.0005184056272959285,0.23856794214026336,0.5121187913885206
967,2.0,3.2542646712312894e-05,0.20738533668780978,0.4684534983189228
968,2.0,9.643391816807117e-05,0.33045074846589606,0.47350293130190557
969,2.0,0.047541355503975216,0.23563932735033938,0.22489550490491506
970,2.0,0.00032168174092668246,0.26621261907064847,0.39490314663809356
971,2.0,0.34966280794896887,0.3170975440219937,0.1896231617235727
972,2.0,0.00058941341521711,0.18923182321850687,0.5626429007147316
973,2.0,0.016404930832208276,0.3548237920444008,0.3075737004606795
974,2.0,4.171289610988954e-05,0.29535043828244245,0.18383140003413712
975,2.0,9.841471320751625e-05,0.22779941748950183,0.47943327407583985
976,2.0,2.23600260013461e-05,0.203421407894654,0.46603345874999685
977,2.0,,,
978,2.0,1.8634478075668242e-06,0.2519455400255188,0.45934780894939503
979,2.0,3.0912762848123434e-05,0.26094317705066106,0.3992084316242799
980,2.0,2.775071431731274e-05,0.3849842244722328,0.3503714175698427
981,2.0,6.147424575750807e-05,0.24358839398808876,0.5633476706724896
982,2.0,5.890803418726354e-05,0.23346834882674442,0.49960466869201414
983,2.0,4.544795493897928e-05,0.19542544752863655,0.5305864872346412
984,2.0,2.8834369078359436e-05,0.2660734238986696,0.44163445625724235
985,2.0,0.00016709713212872878,0.20533459137721732,0.411269345850566
986,2.0,2.0022870109324654e-05,0.2040548248662991,0.537729546060384
987,2.0,5.665860444629366e-07,0.2978535176080269,0.2746023174962705
988,2.0,1.811530789499661e-05,0.22737846269580755,0.5159507940783371
989,2.0,1.043254079618318e-05,0.19554857128480865,0.5125519978332467
990,2.0,0.00027100373516380903,0.2871024186581137,0.3366074650978903
991,2.0,0.0009892182424817552,0.2984691851362077,0.5487714574872893
992,2.0,9.044791683678356e-05,0.20620743888874268,0.5028541616042224
993,2.0,1.0158470279421038e-07,0.2454084743023161,0.46518218809360584
994,2.0,2.9322675429050717e-05,0.3199508864902512,0.27594982266573403
995,2.0,4.9942083359255314e-05,0.22945173919840905,0.5408028005079126
996,2.0,0.0007473632999102332,0.23367583455291255,0.3883958743806795
997,2.0,7.770566411127573e-06,0.374099722759037,0.44071833008482914
998,2.0,2.5135778785633064e-05,0.3622389369790539,0.2624953007160979
999,2.0,1.0247037451947063e-05,0.3499743880713383,0.43074154860993213
1000,2.0,2.7573134455178574e-05,0.2717828407542169,0.5031071053225769
1001,2.0,8.883834196099556e-05,0.2261918425002445,0.47749340916750244
1002,2.0,0.00012895894710899917,0.26702041629539736,0.4550894795537205
1003,2.0,0.0016759144921471524,0.3809362435761028,0.35664552413773876
1004,2.0,7.811356534182354e-06,0.2646487651910951,0.5052913637043955
1005,2.0,3.2352426810555866e-06,0.17736771549027686,0.32820976465075213
1006,2.0,1.018695995711654e-05,0.26484800298867467,0.43933798981221944
1007,2.0,2.2831126277085195e-07,1.1765074416378785,0.031414257624673536
1008,2.0,1.9409811986324397e-05,0.373161959735307,0.3803160772246034
1009,2.0,0.0003619788872754647,0.2102253490701358,0.49866506380066333
1010,2.0,8.03330609125979e-05,0.3477635706798018,0.414250745755709
1011,2.0,0.00016673941420601934,0.25918150775833754,0.4621165385105965
1012,2.0,0.00035349202407314496,0.20510447498961046,0.43745732177478996
1013,2.0,0.00017687390899665513,0.29811712504784077,0.20759959769401276
1014,2.0,0.00019178348362643843,0.21685753645970401,0.25565403814068444
1015,2.0,3.451754285971536e-08,0.19941897731418007,0.2118720343928337
1016,2.0,0.00035981522366832863,0.28579995175545947,0.3507106872863317
1017,2.0,0.00010948671463553963,0.3187573558425165,0.46460040494519345
1018,2.0,1.2213794726563468e-05,0.2920975859980803,0.2750838384873666
1019,2.0,5.014976421821211e-05,0.18972953412495175,0.4965430405357351
1020,2.0,2.9480709681559483e-05,0.28753873763853,0.4472665153803006
1021,2.0,0.0001708396334954271,0.2303900840328964,0.5587202684128482
1022,2.0,0.14801475950422355,0.4707245962939257,0.045514948418191876
1023,2.0,3.400725373464071e-05,0.3493676395377254,0.3364011189792522
1024,2.0,1.0771174073946927e-07,0.23666974353312845,0.2840995528356891
1025,2.0,4.366566064665098e-06,0.26151985044483506,0.510373415472606
1026,2.0,0.00010280922351655136,0.25417372705744185,0.3101279008232631
1027,2.0,0.0005462350166013456,0.3813037507629091,0.4157293020336874
1028,2.0,3.484566605767853e-05,0.18103829371842953,0.5018881713475519
1029,2.0,0.0002228962315045134,0.31541069062673266,0.53742097284856
1030,2.0,4.118947985052054e-05,0.1712588939741985,0.4754606816222398
1031,2.0,4.291207992017331e-05,0.33447362757206767,0.41799681947373674
1032,2.0,9.20205213255587e-07,0.3462404808497081,0.4393706857615457
1033,2.0,0.00011320500120192765,0.17397367696613272,0.48623997466819757
1034,2.0,0.0005683350257317928,0.18348050684789427,0.4607824917573926
1035,2.0,5.5799328377800785e-06,0.2967244920505364,0.3228053682749689
1036,2.0,2.7521878171967812e-05,0.33400190302978644,0.46632460150989186
1037,2.0,0.022916629506266318,5.48896747654878,0.0001293689822675162
1038,2.0,7.28334294587034e-05,0.32091744187461113,0.46180207546395413
1039,2.0,1.1738073610260374e-06,0.2626783084119573,0.2798224306541142
1040,2.0,1.4944361841254875e-05,0.25220286784861135,0.35702790966556547
1041,2.0,0.0002415370162608655,0.20516531651702266,0.48161149927698244
1042,2.0,2.856304038620981e-05,0.2946550413628119,0.4009871563915505
1043,2.0,3.512089923428443e-05,0.28888061195902565,0.5302968085148984
1044,2.0,0.00014026518640064252,0.2900634083806288,0.33861839801446103
1045,2.0,2.306665684500133e-05,0.3313018562820848,0.4016251079765168
1046,2.0,7.200746082762356e-06,0.3051977553957239,0.4609066506597609
1047,2.0,0.0008553576446507373,0.24832738491367576,0.48687324531875664
1048,2.0,5.77946117475614e-05,0.29621230363161366,0.4420284318075978
1049,2.0,0.0005752568462624323,0.29355113823721013,0.43550005278316983
1050,2.0,8.842830853006676e-05,0.2679463311499848,0.4884076908356049
1051,2.0,0.0008902284710272976,0.347272109874378,0.38763286571187383
1052,2.0,4.4005460496427194e-05,0.34003044494121487,0.4301384617604323
1053,2.0,1.2891954071833107e-05,0.294556530135955,0.24089572551644173
1054,2.0,3.186490799497013e-07,0.3577461407760099,0.23122887331411296
1055,2.0,0.0019118299147333458,0.1967136824215775,0.35431034831953157
1056,2.0,0.0004072705244774188,0.17747342729521584,0.5383576229695881
1057,2.0,0.001557546568806451,0.4183320715220367,0.429525994342763
1058,2.0,1.1151050019893139e-05,0.2895530374829566,0.32077652815804564
1059,2.0,5.0426826968398915e-06,0.19193521401855876,0.26448252388644355
1060,2.0,0.0001298628009017399,0.1712670752837309,0.5250206030739198
1061,2.0,7.671048272422563e-05,0.3168123021230257,0.36150987431019954
1062,2.0,0.0002720489180631209,0.23795338224927332,0.15239774001309214
1063,2.0,0.00019044063502061777,0.1741270037564023,0.47284502001375506
1064,2.0,1.2403852133459275e-06,0.315623045343602,0.4268047327239678
1065,2.0,2.0182448042157246e-05,0.40614998673464076,0.46508543160674365
1066,2.0,4.677165445743193e-06,0.23740932814940638,0.27852431435074093
1067,2.0,5.6640524565747475e-06,0.3415208102590198,0.34091914218510055
1068,2.0,0.00046913810280369787,0.3420124435486688,0.40906021730262887
1069,2.0,0.0001625253020359592,0.6175826864174973,0.36583264917219505
1070,2.0,4.3088690614049866e-05,0.45278395753859035,0.32124793935825324
1071,2.0,3.386579114515843e-05,0.3405357605788059,0.40795707289351923
1072,2.0,0.00010646484409671623,0.29747599740202446,0.3800429744201962
1073,2.0,0.0001710844011073895,0.2536454209747794,0.5255673870066319
1074,2.0,0.00010371172933949651,0.362890559039247,0.35485711350398325
1075,2.0,0.00011129806202229404,0.23936066064704933,0.40900847689114267
1076,2.0,7.218991465798793e-07,0.33478088934226335,0.33000101803626175
1077,2.0,0.00014003377471188933,0.20676754159362887,0.3953489243959768
1078,2.0,1.0587189755352013e-05,0.3538380410444257,0.3010896919126974
1079,2.0,4.136791025805594e-05,0.37903326569639767,0.3985120111990936
1080,2.0,4.233004483459709e-06,0.14219128767985972,0.4817234223372254
1081,2.0,1.3649686181583212e-06,0.21159187969285911,0.3631060025974206
1082,2.0,0.0017322501359341342,0.2406421815948415,0.5634452591809437
1083,2.0,5.1595913438314635e-05,0.2461647934645674,0.47372747512918695
1084,2.0,9.705033786720976e-06,0.2488586952129772,0.5419110133731527
1085,2.0,3.477534773344356e-05,0.29704175271913874,0.3966322604923051
1086,2.0,0.000124117963804644,0.20491682887616192,0.5234003025577451
1087,2.0,6.437511561402841e-05,0.27191313548854606,0.4812628602637414
1088,2.0,2.412426184485034e-06,0.2588140076451523,0.573183536652716
1089,2.0,5.807232157215611e-05,0.31194427057489577,0.490562491863958
1090,2.0,0.00018966532354151616,0.3238805592837715,0.40988193680081486
1091,2.0,3.144286153085786e-06,0.31640418031551754,0.27685474541769617
1092,2.0,6.761850968248997e-05,0.2592330173283379,0.4097728586861262
1093,2.0,5.703129684983213e-06,0.3142368231988786,0.5672135989218418
1094,2.0,2.795549674864306e-05,0.29261477820501247,0.5530869242300178
1095,2.0,3.4106422358438495e-05,0.30620844405312836,0.42682906202402526
1096,2.0,0.0002234868367537356,0.3573270201182113,0.3482290217598644
1097,2.0,2.9286379718221865e-06,0.2540649685804339,0.3444784581329928
1098,2.0,0.00018103606620380509,0.3407060276930849,0.3532014246550789
1099,2.0,0.0001795058403302357,0.24845513681564502,0.4428741572584628
1100,3.0,1.1363779042143801e-05,0.6278612469958151,0.3027120613640596
1101,3.0,3.166193596742003e-05,0.3917791249537913,0.15407170265911768
1102,3.0,2.126311570399541e-07,0.3607360628827225,0.16717358548270408
1103,3.0,,,
1104,3.0,0.0001809152403813516,0.47612174147425773,0.3067131067100721
1105,3.0,0.014334830431262234,0.41844883949695755,0.3522196591399044
1106,3.0,2.4081389133085003e-05,0.6138662885393523,0.1535234313037586
1107,3.0,5.693808618768649e-06,0.5608115631137162,0.31572016834229716
1108,3.0,0.001197152780767355,0.4983618898145568,0.05711146422811922
1109,3.0,0.00037329053939788305,0.3246391566998525,0.2927704812122465
1110,3.0,3.813051748591649e-07,0.46483908224829873,0.3384891994226579
1111,3.0,7.976720298866543e-06,0.5539614187517641,0.41118206094501875
1112,3.0,2.5900596903774315e-05,0.48164912392653453,0.06878595890179498
1113,3.0,0.0004214604383567056,0.5405356972829138,0.2082967853848282
1114,3.0,0.00030870119823462586,0.7286001295002131,0.3097837108412045
1115,3.0,0.00010655860531785777,0.36793195124261846,0.2364541462161451
1116,3.0,0.0005592260554942187,0.37894779549263097,0.3858535236648381
1117,3.0,0.05091186920164679,0.4175101631891117,0.2016674058240268
1118,3.0,7.533909721663855e-07,0.28540026884894,0.29288906069824
1119,3.0,3.3980850770013e-05,0.6114203849479812,0.14212506824151108
1120,3.0,4.363487531958073e-05,0.711323280848876,0.266832473078398
1121,3.0,0.000796027435166122,0.7247289463255265,0.3568347414584027
1122,3.0,0.00010187935720115668,0.8016700259368494,0.12522737219365626
1123,3.0,5.259729110181004e-05,0.6167344208548505,0.29000145513543724
1124,3.0,0.0006210542471526558,0.8411416901626808,0.28272873223142503
1125,3.0,2.9282513818123562e-05,0.5720302885424263,0.20621137344439022
1126,3.0,0.0002022256810561484,0.5569958948818444,0.3407409401786209
1127,3.0,8.796116301427257e-05,0.5958642305997722,0.3493499586758485
1128,3.0,0.0005818197897166823,0.5210217398962318,0.21814155898580553
1129,3.0,8.689572186756621e-05,0.5886827728741965,0.1937565975690233
1130,3.0,0.0008985411065077543,0.5400670269332347,0.23438950818360646
1131,3.0,0.0006776007906506346,0.5992764548893812,0.2841904344081654
1132,3.0,4.54004044314195e-06,0.33049108897223045,0.3422416956922177
1133,3.0,2.3290936427947153e-05,0.5422044521532529,0.1621546508774942
1134,3.0,0.0001583281129925959,0.7200167277670344,0.1999916732911622
1135,3.0,7.190393878034451e-07,0.5666892513210807,0.2369360441559597
1136,3.0,6.065669460661679e-05,0.44002116349021936,0.2993552297612549
1137,3.0,0.00023571582468501939,0.5585160413104664,0.1549540610833831
1138,3.0,0.00013769326019536846,0.8902646132398668,0.030971536967455273
1139,3.0,0.0007375298520279637,0.572006786731802,0.2561752123081958
1140,3.0,0.0007401654762223391,0.4994164369947956,0.3911121996116778
1141,3.0,0.0006090875404803251,0.5731851724769391,0.25091453394718377
1142,3.0,7.849902688946142e-05,0.5726615708123798,0.21257054290285526
1143,3.0,9.749077798182026e-05,0.469770939522757,0.21147832539979258
1144,3.0,0.00018298442518435425,0.4380492281960663,0.3018105294611632
1145,3.0,0.03064695083751377,0.8602402238677419,0.2758861123801635
1146,3.0,0.00016874315930456353,0.4401566764236696,0.35198693772678646
1147,3.0,5.686398821316416e-06,0.4846432675762024,0.23961426268219557
1148,3.0,1.0387837152626034e-05,0.27843490005750815,0.2009597171423379
1149,3.0,1.8298039820527984e-06,0.5316198518813612,0.37565612277277416
1150,3.0,2.5327927348519383e-05,0.3571359124183002,0.33131089676821024
1151,3.0,0.0009103107808754623,0.6051188541776995,0.16144515964297843
1152,3.0,4.6568833324261e-05,0.47396179506999986,0.38759617311521266
1153,3.0,0.0003690925802791358,0.5853277853279755,0.3196570267002393
1154,3.0,5.8158607833068174e-05,0.5679570279104093,0.26829508299079247
1155,3.0,0.0003550807753381971,0.6455725319581254,0.34816221581512835
1156,3.0,0.0006226938408450318,0.26700293421204957,0.22812630690150293
1157,3.0,0.0007212164559237922,0.6826273495985284,0.20294133669780973
1158,3.0,2.3040850507744593e-07,0.460977949647339,0.19042624690936386
1159,3.0,0.0006652044012156706,0.5393771012390082,0.4165729970465333
1160,3.0,0.0002456109079104094,0.4280982228451628,0.3573619670070869
1161,3.0,4.1558258559379925e-05,0.6386071279565227,0.2352991442887208
1162,3.0,0.0016229941113765159,0.5286652260173202,0.21585110970628776
1163,3.0,2.23934953879869e-07,0.5941226975810671,0.35215055830232805
1164,3.0,0.0011180363368199348,0.2926357958607116,0.36083644881839366
1165,3.0,4.153220290119704e-05,0.8510390682567678,0.3099420836467454
1166,3.0,0.00019471210137948813,0.6544490760530621,0.2830609300289718
1167,3.0,4.2763001586235135e-05,0.935803261510471,0.24649870236672247
1168,3.0,7.723831652585025e-07,0.3929207143687708,0.37596978396801883
1169,3.0,1.5879398249311653e-05,0.4275808174582207,0.23427263878203688
1170,3.0,1.826764384047827e-05,0.564197498239773,0.19731988728167155
1171,3.0,0.0030676357636189714,0.7952095177456754,0.2595448263381669
1172,3.0,0.00031454073737928316,0.6097048869787346,0.3019144256082719
1173,3.0,3.2365458759643784e-05,0.32503908711415835,0.10293468437778579
1174,3.0,0.002145915511207369,0.3644102497450196,0.4018077788981562
1175,3.0,0.00028767258722511987,0.3624757013628677,0.19376669192765938
1176,3.0,0.002819450245711159,0.8352423430774114,0.22640367309380163
1177,3.0,0.0006030971640232826,0.5699323098966146,0.24969372591087516
1178,3.0,0.000585456207899508,0.8836311552210302,0.27103635001737447
1179,3.0,0.001089616388148696,0.5077857209401756,0.2820618240256797
1180,3.0,1.550321759979787e-05,0.3873751312726849,0.13512464889153408
1181,3.0,0.0015759229506764692,0.7753829559994311,0.14347711522907663
1182,3.0,6.400820241867856e-06,0.3705161826801613,0.2771807391672155
1183,3.0,0.0002641727835292599,0.42274043378488085,0.22246469332343263
1184,3.0,1.6762489223687166e-06,0.4535894694533177,0.20203611799713223
1185,3.0,3.765800028854769e-07,0.6655672870945215,0.2637331350250249
1186,3.0,7.429246020914271e-05,0.6775810441585132,0.22320687587564875
1187,3.0,7.107128410649087e-05,0.4595661100467321,0.31627194346244847
1188,3.0,8.281997831769432e-05,0.5319120169506798,0.35777081875150796
1189,3.0,0.023117149562456866,0.5084503606313632,0.2538293369212322
1190,3.0,0.0016500439723827185,0.6191303971885331,0.32537648935048075
1191,3.0,,,
1192,3.0,8.504919527107952e-07,0.5475386390158705,0.14088559694468483
1193,3.0,1.0381485656921638e-05,0.47497136962566844,0.35895585581948963
1194,3.0,2.0635179920911697e-05,0.6011337802319946,0.18030441356684007
1195,3.0,,,
1196,3.0,0.00020666795923671635,0.5510108026711253,0.2466459906129147
1197,3.0,3.860174619251366e-06,0.490393533829064,0.38766149943468997
1198,3.0,2.891644229739346e-05,0.41340397621642555,0.2852481565756228
1199,3.0,2.094849382716524e-05,0.5215023097596443,0.22203765603838602
1200,3.0,0.00023370862248235996,0.49357580120771205,0.13418750026308568
1201,3.0,8.574149925279683e-08,0.2769486360173786,0.30651636962330325
1202,3.0,1.228523911714725e-07,0.3139193605357854,0.20052969949604307
1203,3.0,1.0138363919897767e-05,0.5425293936938073,0.3058548740186263
1204,3.0,,,
1205,3.0,0.002627856395209448,0.7117850188806017,0.2867030049051083
1206,3.0,1.178643175551167e-06,0.4920197243567155,0.255859680046791
1207,3.0,0.0002610068854903512,0.6328718644783171,0.3413498172137287
1208,3.0,5.750536731012859e-06,0.4625124542745548,0.2889217439691437
1209,3.0,2.6673141443415642e-05,0.3859274409076306,0.16927371833943422
1210,3.0,2.7396501017151452e-05,0.6398910495571294,0.1891020647870975
1211,3.0,5.8925577169466276e-05,0.40242599249536604,0.3253778301027768
1212,3.0,0.0018039557138003204,0.7373691530440634,0.2560436473050209
1213,3.0,0.0010268799504221876,0.5171882155106031,0.3495028673302938
1214,3.0,0.00011922618229323407,0.5054280107622768,0.29268523473303293
1215,3.0,3.614063147942479e-05,0.5124323363318518,0.2583607982653251
1216,3.0,0.0005706735406350917,0.5298250397379839,0.37977110229143546
1217,3.0,0.00023316629106336903,0.6049768953617845,0.2785480680614114
1218,3.0,0.001201597748520522,0.4998089433428218,0.2963567687242082
1219,3.0,1.0520060181353771e-06,0.6926634374948686,0.21957366256316346
1220,3.0,0.001118911145370921,0.7107247352540036,0.24674613134273737
1221,3.0,3.2784589571995936e-05,0.4755995450773466,0.16867883672844486
1222,3.0,0.0011692773569157845,0.45895027634716695,0.19209904155522034
1223,3.0,0.0006357604755003818,0.32405779755157177,0.20573850451701042
1224,3.0,6.277754158854781e-05,0.3777587570854,0.2275012817104615
1225,3.0,0.00021065112040187937,0.828298292063202,0.18725451809699895
1226,3.0,1.256834828830949e-06,0.4909751481502825,0.34291460541790425
1227,3.0,0.00012648990651964592,0.33606260754877,0.33078220491675175
1228,3.0,3.4298877463965165e-05,0.45350600656912965,0.22424373776019474
1229,3.0,0.0014399886476881268,0.7474360084375113,0.24967355646614364
1230,3.0,0.0015776700862269327,0.4983524176858159,0.27539854048963114
1231,3.0,1.3462558388213222e-05,0.34421166351794663,0.08287047173768984
1232,3.0,0.00010412870991139858,0.46386274177225817,0.22561906331854634
1233,3.0,0.0007258420360538653,0.5868570536890093,0.2679809195198256
1234,3.0,0.00015524807240632077,0.8335199053310411,0.4109123313732614
1235,3.0,0.0005469257725290062,0.6907094274659614,0.2823873746821327
1236,3.0,6.129953053779715e-05,0.6297201157569214,0.2635084681106129
1237,3.0,0.001966185788800766,0.8466089724715666,0.25524562496457176
1238,3.0,0.0009508316796018123,1.2642605929177484,0.22468336165526984
1239,3.0,0.0007502637460307834,0.9375014038106244,0.18832542446995337
1240,3.0,1.2024697521744508e-05,0.7969214510008882,0.2073226143313162
1241,3.0,0.00042608012998603025,0.6197808684181049,0.16491863865919573
1242,3.0,0.00013080856290305785,0.569445623333386,0.3145356378488375
1243,3.0,0.0011316309401013342,0.8628201183063842,0.2694068965372972
1244,3.0,0.00014400706385880703,0.5725393126589806,0.2327660683546482
1245,3.0,1.2196071043464024e-07,0.3862290533837367,0.22615258891526008
1246,3.0,0.00021514531317476818,0.35804854743966885,0.14738597737165593
1247,3.0,0.0005252786556007213,0.6914708988534807,0.19483619520411105
1248,3.0,0.0032843108668509573,0.9507240517259054,0.23553750746990054
1249,3.0,0.0014764693073439422,0.5829836158052147,0.19001827582255926
1250,3.0,0.00015924608691531594,0.3135528754624556,0.24708396279753114
1251,3.0,0.0013589087037151365,0.5118343429020993,0.442855283543598
1252,3.0,9.423518340593129e-05,0.40151818522742755,0.2650688090230493
1253,3.0,4.3973228441160533e-05,0.467310644564562,0.4061633439979318
1254,3.0,5.262258047065839e-06,0.5715832050815255,0.14231594324326335
1255,3.0,0.00014705530540746434,0.3700188692741801,0.3851644683824406
1256,3.0,7.703655120534444e-06,0.42531398189796743,0.27531288357637906
1257,3.0,5.5764066294558917e-05,0.5611435733913218,0.3603309995285186
1258,3.0,2.1567918435960438e-05,0.5018986389207776,0.2511517553704545
1259,3.0,0.0001562205464935562,0.4827024572907427,0.3358538070313923
1260,3.0,0.001264867701612943,0.8945894510680595,0.16620941956174606
1261,3.0,4.2000669125684146e-05,0.3372605681217817,0.2589360001030841
1262,3.0,0.00022289755458497558,0.5525173820441819,0.3664010521559541
1263,3.0,2.6695624750446415e-05,0.38168884270471454,0.3225710110123485
1264,3.0,0.0005513643570155437,0.755714705327352,0.269212675518785
1265,3.0,0.0013591804533923597,0.6186283005780197,0.3599179099620422
1266,3.0,0.0005891696229396527,0.7322273362119575,0.23450151715730314
1267,3.0,0.00010523445969152962,0.35681747924368884,0.34510090027826845
1268,5.0,7.025904690843102e-05,0.8174648690487447,0.013088714021729243
1269,5.0,0.00016925072146339648,1.530219932432249,0.21504475210912377
1270,5.0,0.08935385852912767,0.32998754940634906,0.07832814230797751
1271,5.0,,,
1272,5.0,0.19664077934988353,1.2333889259216648,0.0893075857481774
1273,5.0,0.00020962214179401256,1.4514998947697544,0.13787361939338583
1274,5.0,,,
1275,5.0,1.5290121052831725e-06,0.6319494330854174,0.08314927110990479
1276,5.0,0.15321742212423073,1.857186132006121,0.21086422745888295
1277,5.0,2.1795285738696573e-05,0.9568988200332753,0.07396855822392381
1278,5.0,0.00020869316186087686,0.7987241852725446,0.10267187482302825
1279,5.0,0.003839820514692356,0.8034274927414177,0.18969979402943973
1280,5.0,9.09777176045987e-06,1.4725184792030797,0.08195113590894194
1281,5.0,6.637653196859172e-05,0.8975158537274032,0.06940967970624136
1282,5.0,1.2827372625840255e-07,0.43505150204211085,0.12171159217165489
1283,5.0,0.2710886094605611,1.0265561170094248,0.09844815775612858
1284,5.0,0.0008896859484298903,1.753911835253987,0.16136665227624608
1285,5.0,0.027190677242428917,1.3304520131334674,0.1617141446751805
1286,5.0,0.00044882686034638413,1.650879765276116,0.10114483738213113
1287,5.0,4.9135943822003594e-05,1.4182652533699995,0.13196132025523924
1288,5.0,0.052963241376862126,1.4178284439085644,0.11824707481376909
1289,5.0,0.000219733429303284,2.080046816662777,0.17809880992890928
1290,5.0,0.02902627521550865,1.9460568110854877,0.23243301364963995
1291,5.0,5.6374163841693325e-05,0.7204250973449653,0.13256422640311635
1292,5.0,0.07506445190293015,1.5013960277297813,0.1687835069640311
1293,5.0,0.020772569150890673,2.0750641047232836,0.1353733514891633
1294,5.0,0.02773033905139977,0.6974169156995003,0.14620053490195745
1295,5.0,0.00011029526260119413,0.5645527601029995,0.20453207799462367
1296,5.0,0.0226320996778862,0.945539774219216,0.14312424605442065
1297,5.0,0.009238187501702485,1.7810930077132834,0.10086237889687595
1298,5.0,3.9513231466214894e-05,0.7171666621513146,0.06348353443627487
1299,5.0,7.446406841630177e-05,1.5453909673244353,0.21190476121951107
1300,5.0,0.0006571251557040792,1.006232767287205,0.11085884696019446
1301,5.0,0.0001656379467366666,1.1164920737040815,0.1541439041099351
1302,5.0,0.00021985116974944876,1.2170851781856113,0.0849052395847833
1303,5.0,2.079120421868295e-06,0.9364654245023485,0.22088321087801166
1304,5.0,0.13163234501352983,0.9640722765911398,0.03147039597293689
1305,5.0,0.00011589124749043147,0.9807565104426159,0.09670773079386615
1306,5.0,0.16261503500801644,0.8620865293901533,0.20393341282200958
1307,5.0,0.07208355053129553,1.252814015041723,0.11124565186061458
1308,5.0,5.2253826465214776e-05,0.9576493524300659,0.11742795310318098
1309,5.0,0.0829670069450672,0.6538437934896156,0.161387395782344
1310,5.0,4.7779452213084935e-05,1.2104431326120135,0.22939352834541377
1311,5.0,3.0076803448592076e-05,0.884614632215413,0.20761546943652498
1312,5.0,0.27069350087644173,0.4840027249919449,0.14965913977900908
1313,5.0,7.044626566031605e-05,1.1980747195976311,0.16142730629483912
1314,5.0,0.002479010635609778,0.858882385942387,0.1699317583727278
1315,5.0,0.0031742568116810872,1.665471581592577,0.1450297173356624
1316,5.0,1.4417638303609818e-07,0.5247612032669547,0.09296599263804095
1317,5.0,0.0003502658708553182,1.013562680426691,0.21764874256721056
1318,5.0,7.639938158132551e-05,0.6100406039630489,0.1232652401551545
1319,5.0,0.0030077900076396994,1.5819327435440205,0.13059541684682188
1320,5.0,0.000912120166651997,1.3463594538727564,0.19491785489792876
1321,5.0,0.0007744958170387967,0.6645615468647632,0.18952454503378593
1322,5.0,0.00017851321975839113,1.086778244408064,0.1361858471435593
1323,5.0,0.005648980395743228,2.8675001255408086,0.17723775413920667
1324,5.0,1.456642923514188e-05,1.2704624066942773,0.052342718141961855
1325,5.0,0.0020945513272412676,1.5314601179615153,0.1469341599198278
1326,5.0,1.5126132030989259e-06,0.9625512684452903,0.09164740516570674
1327,5.0,,,
1328,5.0,0.05030330763192021,0.7579123152332468,0.06644510384402279
1329,5.0,5.1662632861011013e-05,1.0228062327028284,0.20021195163105848
1330,5.0,0.06069301740769274,1.326484503529311,0.10471878540310658
1331,5.0,0.001537689114290421,1.9752216868153702,0.17526381077498432
1332,5.0,9.957012807769599e-07,0.5529674789811121,0.015385165139597465
1333,5.0,0.006919417421741868,1.0873580004725325,0.034647037871011595
1334,5.0,0.08112613157017197,0.6339667400430036,0.10644140942080421
1335,5.0,0.003900973934467941,2.528821404521217,0.18774354341780122
1336,5.0,0.00028383344377369286,0.8878691280357905,0.17102177451030579
1337,5.0,0.005458950256299055,0.434607306645487,0.145448048853473
1338,5.0,0.0001311223515239376,1.7273572384132874,0.12818778352434387
1339,5.0,6.330002314085404e-05,0.7605671298504729,0.12647262353373595
1340,5.0,0.026675857470924387,0.809770382947742,0.11472536558543082
1341,5.0,8.955823918331733e-06,0.5175130946592815,0.26859482880341695
1342,5.0,0.000620777952012022,0.7738391334639895,0.1004474934258214
1343,5.0,0.00033959403370102876,1.1149954333413488,0.14339596232684867
1344,5.0,0.0002200055095195619,2.292484567523297,0.16271263405823982
1345,5.0,0.0005032169967367632,1.202325582764723,0.14336265130656847
1346,5.0,0.001066661830433711,1.8226229928170044,0.14180826900968413
1347,5.0,0.006980122467813196,1.8159163816990609,0.15959965124807787
1348,5.0,3.418745024076343e-05,0.7872079637367676,0.1370813970537095
1349,5.0,0.0014319488549160459,2.2976113092087616,0.1367720537815853
1350,5.0,3.3859763632924637e-06,0.9062482632543192,0.06514135609099296
1351,5.0,0.001989559610837553,1.7485911944799877,0.17033411359790687
1352,5.0,1.1169179304974157e-05,0.7447581330686301,0.08424773890022579
1353,5.0,0.0005994596082106805,1.4874475432397065,0.20422002383258056
1354,5.0,2.4546002703955636e-05,1.1235585169313662,0.11881570367489688
1355,5.0,1.4128805611159842e-07,0.5462387527051434,0.1597035280998279
1356,5.0,0.3961481567227601,0.9517948068077102,0.11126418351705178
1357,5.0,0.06946211420640519,1.0765459507614605,0.11226160663774604
1358,5.0,0.006252523145642916,1.5570402631151368,0.16462201475441327
1359,5.0,9.447916510638068e-05,1.0594356068880086,0.16397077157216652
1360,5.0,0.00010211556349080032,0.7009136816455035,0.06979663336196076
1361,5.0,2.5057749649384287e-05,0.9628550347833866,0.16237185514265035
1362,5.0,0.00011238598666287997,0.9985003018237543,0.06422387811047095
1363,5.0,0.002089939489219399,1.3527192524622547,0.16376140449138127
1364,5.0,0.06112749390321483,1.8205162603841973,0.0973494545211525
1365,5.0,0.0007667490317247328,1.6068341634655718,0.24531748542659013
1366,5.0,0.0006365415626726,0.5649655389806563,0.04541014519280873
1367,5.0,7.301349255050005e-05,1.0570777246209828,0.1876111880446002
1368,5.0,0.21719538457540224,0.6599994902795943,0.12066804169837304
1369,5.0,0.08917317722569955,0.5545430895302749,0.09206010027774096
1370,5.0,3.987987315613214e-06,0.7620715604613107,0.13960961645557243
1371,5.0,0.000203361811281017,1.9511565297842801,0.12349756673325753
1372,5.0,9.954942377040233e-05,1.8696565620309662,0.17177251573646427
1373,5.0,1.5151474847374019e-06,1.335124924902667,0.1467567296988297
1374,5.0,3.5030467226050264e-05,1.1133818522008394,0.14385742767876786
1375,5.0,0.0014203310780590893,1.3283165847200382,0.12109070481472924
1376,5.0,0.000575426950161784,1.2622001333260389,0.08405325459792835
1377,5.0,8.626869498078452e-06,0.9404327541153205,0.09474787099244758
1378,5.0,0.0683840094811236,1.2598570842886514,0.2204329587721764
1379,5.0,0.004553675266287291,1.4501401890231036,0.10100665494345754
1380,5.0,0.0029469677529809866,1.6122992936338905,0.15264281625023654
1381,5.0,0.00018582220743869912,1.0917082474611048,0.1444754340358208
1382,5.0,0.0002820482133734954,1.324267269713914,0.2114630341948406
1383,5.0,0.0002941393908385304,1.0248425978754068,0.1179859553531142
1384,5.0,9.66693202523478e-05,1.5803732330747524,0.14734894819470037
1385,5.0,0.00012501798748036763,0.9245567796913662,0.17353519187858601
1386,5.0,4.608817263460631e-05,1.1090437863238218,0.14123964280887571
1387,5.0,0.00022518778644447712,1.2786116984180471,0.18994864645153228
1388,5.0,6.884482066330412e-05,0.959591501262639,0.08766036048016831
1389,5.0,0.12090781049436751,1.4709911354033867,0.10557239775419623
1390,5.0,0.002563202949390449,0.6988295495855602,0.09115161554544872
1391,5.0,0.17230109165405705,0.5892931773788914,0.056382950014970235
1392,5.0,0.0009883059715159977,1.9497577691466343,0.11778282400626526
1393,5.0,0.04137729094619747,0.9392281352187545,0.11621169331040636
1394,5.0,4.096873943964282e-05,0.7201978492754634,0.10500559931229032
1395,5.0,0.0015864571635611155,1.0557992588710412,0.08010361426354613
1396,5.0,0.0021850438433270915,1.4550144753975058,0.08651784258877894
1397,5.0,0.009779417699634592,1.7945308139749936,0.1479403705457587
1398,5.0,0.03300937704144545,1.306251258373179,0.044572372841396
1399,5.0,0.0023714517298112987,0.8174263338540515,0.1601785140299461
1400,5.0,3.2682587300995443e-06,0.5298840913850206,0.2116787561684636
1401,5.0,0.0007359726632322294,0.980720415352064,0.17695615242144572
1402,5.0,0.11471265460247296,1.983960423087313,0.1398332850071301
1403,5.0,0.09905020853000807,2.0540041479648132,0.15477961280465224
1404,5.0,0.00013877903962295266,0.713421405578165,0.08713751545554463
1405,5.0,0.0002473465332518544,1.4351153742813205,0.11836759155622714
1406,5.0,0.0007288327738962794,1.8735037673662414,0.12332138670980847
1407,5.0,0.09190978239753779,1.6837789352044241,0.12084982890025492
1408,5.0,0.0021657982093154686,1.2920086125418877,0.1266862480895521
1409,5.0,1.4654231007700437e-06,0.8717971320455554,0.13767548724941922
1410,5.0,0.00013027139817134044,1.9872612162176941,0.10390681501259444
1411,5.0,0.2157506995894546,1.1332543265878057,-0.008972220978610012
1412,5.0,3.384294941484979e-05,0.4695820548129196,0.15274065874132228
1413,5.0,0.1144120467775953,0.9529985571457984,0.1337493606980835
1414,5.0,0.00036568660146474275,0.9330007646127136,0.10598965246612843
1415,5.0,0.0019358915214108662,2.2800885201577406,0.11928885444609083
1416,5.0,0.20083343336710618,1.0147413991454184,0.1580701724560242
1417,5.0,4.40194555311646e-06,1.212093266005447,0.09408266783786236
1418,5.0,2.7685287699320615e-05,1.3691373858702367,0.16310380489158902
1419,5.0,0.007865210974003563,1.8719217905088377,0.14581345077375052
1420,5.0,0.0009778762639160298,0.5336037729964572,0.05726899405450199
1421,5.0,1.579944231627181e-05,0.6586214503964939,0.10059685652524661
1422,5.0,3.836729481611463e-05,1.0123394299877155,0.1310797777679705
1423,5.0,5.901889577493169e-05,1.0885605710332795,0.12570376878982004
1424,5.0,0.00011384820182857328,1.3474303915403771,0.16154351311518023
1425,5.0,0.00019108491812277223,0.8863071903548766,0.13094022532868393
1426,5.0,0.000890135310846391,1.1334459698260708,0.15563732356802215
1427,5.0,0.00041017057654948503,1.8656879048523851,0.10353466336343196
1428,5.0,0.007790761831100238,1.8924504493550696,0.11562035679308769
1429,5.0,1.7412790308745734e-07,0.8195876395182383,0.10715032074834456
1430,5.0,0.0001470529556927913,1.4248979884558595,0.146745128797762
1431,5.0,0.0017489223316119386,1.2593413676690657,0.14626906444511334
1432,5.0,0.00019768738011278935,1.6875856049469038,0.12938807668770225
1433,5.0,0.0507465830354245,2.2771939331315307,0.1640657613974279
1434,5.0,0.30095515088648583,0.6710193626934535,0.18829034738678055
